STATION CODE,LOCATIONS,STATE,TEMPERATURE in degree Centigrade] - Mean,D.O. (mg/l) [> 4 mg/l] - Mean,pH [6.5-8.5] - Mean,CONDUCTIVITY (µmhos/cm)] - Mean,B.O.D. (mg/l) [< 3 mg/l] - Mean
1081.0,BAITARNI AT JODA,ORISSA,28.08,7.68,7.81,120.08,1.47
1082.0,BAITARNI AT ANANDPUR,ORISSA,29.33,7.77,7.83,149.58,1.33
1083.0,BAITARNI AT JAJPUR,ORISSA,27.33,7.33,7.72,169.83,1.94
1084.0,BAITARNI AT CHANDBALI,ORISSA,28.42,7.33,7.84,4961.33,1.39
1085.0,BAITARNI AT DHAMRA,ORISSA,28.58,7.2,7.73,19837.9,1.48
2421.0,KUSEI BEFORE JOINING WITH BAITARANI RIVER AT ANANDPUR,ORISSA,29.27,8.02,8.09,245.0,1.35
1001.0,BEAS AT U/S MANALI,HIMACHAL PRADESH,5.93846,8.7,7.83154,89.4615,0.16923
1002.0,BEAS AT D/S KULU,HIMACHAL PRADESH,8.52308,8.61538,7.75923,105.231,0.93077
1003.0,BEAS AT D/S AUT,HIMACHAL PRADESH,8.79167,8.86154,7.59385,92.8462,0.16154
1004.0,BEAS AT U/S PANDON DAM,HIMACHAL PRADESH,12.7727,8.8,7.91636,106.545,0.17273
1005.0,BEAS AT EXIT OF TUNNEL DEHAL POWER HOUSE,HIMACHAL PRADESH,12.1154,10.2,7.86769,100.692,0.1
1550.0,BEAS AT U/S MANDI,HIMACHAL PRADESH,15.2615,8.98462,8.05154,131.923,0.18462
1006.0,BEAS AT D/S MANDI,HIMACHAL PRADESH,16.3154,8.77692,7.80154,180.692,0.4
2601.0,BEAS AT D/S MANALI,HIMACHAL PRADESH,6.65385,8.55385,7.74231,82.9231,0.22308
2602.0,BEAS AT U/S KULLU,HIMACHAL PRADESH,7.97692,8.53846,7.83231,96.7692,0.16154
2603.0,BEAS AT D/S PANDOH DAM,HIMACHAL PRADESH,14.2308,8.75385,7.92462,109.308,0.12308
1693.0,BEAS AT TALWARA H/W,PUNJAB,18.6667,7.6,7.175,279.5,0.45
1694.0,BEAS AT U/S PATHANKOT,PUNJAB,19.0,7.275,7.25,274.25,0.75
1695.0,BEAS AT D/S PATHANKOT,PUNJAB,18.6667,6.975,7.25,411.25,1.225
1010.0,"BEAS AT MIRTHAL BRIDGE, GURDASPUR",PUNJAB,19.3333,7.05,7.275,285.75,0.8
1294.0,BEAS AT 1KM.D/S OF EFFL. DIS. PT AT MUKERIAN,PUNJAB,19.3333,7.025,7.25,304.25,1.175
1011.0,BEAS AT G.T.RD UNDER BDG. NR KAPURTHALA,PUNJAB,18.0,7.325,7.275,296.0,0.775
1696.0,BEAS AT U/S GOINDWAL,PUNJAB,18.3333,7.125,7.225,300.5,0.65
1012.0,BEAS AT 100M D/S INDUST. DISCH. GOINDWAL,PUNJAB,18.0,7.15,7.35,302.25,0.85
1697.0,"BEAS AT HARIKE,",PUNJAB,19.6667,7.525,7.225,292.25,0.55
1037.0,BRAHMANI AT U/S PANPOSH,ORISSA,27.33,7.41,7.85,148.58,2.07
1038.0,BRAHMANI AT D/S PANPOSH,ORISSA,27.0,6.74,7.65,277.92,4.01
1302.0,BRAHMANI AT ROURKELA D/S,ORISSA,27.92,7.11,7.68,235.83,3.18
2414.0,ROURKELA FDS AT BIRITOLA,ORISSA,28.5,8.12,7.89,192.25,2.25
1039.0,BRAHMANI AT BONAIGARH,ORISSA,28.67,8.18,7.8,180.67,1.29
1040.0,BRAHMANI AT RENGALI,ORISSA,29.83,7.51,7.71,136.5,1.33
1041.0,BRAHMANI AT SAMAL,ORISSA,29.25,7.68,7.79,140.17,1.51
1303.0,BRAHMANI AT TALCHER U/S,ORISSA,28.08,7.69,8.08,153.08,1.72
2415.0,"TALCHER FU/S (INTAKE WELL OF MCL, TALCHER)",ORISSA,28.25,7.73,7.84,139.67,1.43
2416.0,TALCHER FD/S,ORISSA,28.42,7.58,7.81,170.58,1.83
1042.0,BRAHMANI AT KAMALANGA,ORISSA,29.17,7.78,7.93,169.42,2.13
2417.0,"DHENKANAL D/S, DHENKANAL TOWN",ORISSA,29.67,7.93,7.91,156.17,1.55
1043.0,BRAHMANI AT BHUBAN,ORISSA,29.0,7.98,7.84,146.5,1.38
2418.0,KABATABANDHA (BEFORE IMPACT OF INDUSTRIAL ACTIVITY IN KALINGANAGAR AREA),ORISSA,28.5,7.5,7.94,152.25,1.48
1044.0,BRAHMANI AT DHARMASHALA,ORISSA,27.33,7.31,7.89,148.33,1.38
1045.0,BRAHMANI AT PATTAMUNDAI,ORISSA,28.67,7.98,7.8,196.17,2.03
2413.0,KOEL U/S (A/C OF RIVER KARO),ORISSA,27.58,7.36,7.83,174.33,1.61
2419.0,KHANDITARA (D/S OF INDUSTRIAL ACTIVITIES AT KALINGA NAGAR),ORISSA,27.58,8.04,7.8,140.17,1.72
2420.0,AUL,ORISSA,28.92,7.54,7.97,156.5,1.73
1260.0,BRAHAMPUTRA AT KHERGHAT (A/C WITH DIBANG & DIHANG),ASSAM,22.08,7.57,7.28,130.67,1.67
1030.0,BRAHAMPUTRA AT DIBRUGARH,ASSAM,21.42,7.61,7.18,129.67,1.69
1262.0,BRAHAMPUTRA AT NIMATIGHAT,ASSAM,23.33,6.49,7.21,137.42,1.45
1526.0,BRAHMPUTRA AT DHENUKHAPAHAR,ASSAM,22.55,8.45,7.24,151.64,1.79
1031.0,BRAHAMPUTRA AT PANDU,ASSAM,22.92,7.45,7.21,144.0,1.22
1299.0,BRAHAMPUTRA AT JOGIJHOGA NEAR BRIDGE,ASSAM,25.25,6.5,7.49,149.17,1.35
2069.0,"BRAHMPUTRA NR WATER INTAKE POINT AT KACHARIGHAT, PANBAZAR, GUWAHATI",ASSAM,25.63,7.45,7.45,133.25,1.95
2064.0,"BRAHMAPUTRA AT CHANDRAPUR, GUWAHATI",ASSAM,26.0,6.9,7.43,159.75,0.88
2067.0,"BRAHMPUTRA AT SUALKUCHI, DIST. KAMRUP",ASSAM,26.25,7.75,7.05,151.75,0.75
2066.0,BRAHMAPUTRA AT DHUBRI,ASSAM,27.25,6.78,7.45,125.0,1.63
1198.0,CAUVERY AT NAPOKULU BDG (D/S),KARNATAKA,24.75,6.88,7.4,58.58,1.08
1195.0,CAUVERY AT KUSHAL NAGAR U/S (NEAR BAICHANAHALLI),KARNATAKA,25.67,7.13,7.69,105.42,1.08
33.0,"CAUVERY AT KRS DAM, BALAMURIKSHETRA",KARNATAKA,26.08,7.1,8.13,217.17,1.17
1386.0,CAUVERY AT D/S OF KAREKUARA,KARNATAKA,26.33,7.2,8.29,255.83,1.17
1171.0,"CAUVERY AT SRIRANGA PATTANNA, D/S OF ROAD BDG",KARNATAKA,26.67,6.08,7.86,305.67,2.67
34.0,CAUVERY AT SATHYAGALAM BRIDGE,KARNATAKA,26.75,6.67,7.88,303.83,1.83
2773.0,CAUVERY AT BANNUR BRIDGE,KARNATAKA,27.42,11.76,7.94,364.58,1.92
2774.0,CAUVERY AT RANGANATHITTU,KARNATAKA,25.67,6.47,8.0,268.92,2.0
50.0,CAUVERY AT METTUR,TAMILNADU,30.25,6.24,7.9,476.58,1.12
1322.0,CAUVERY AT 1KM. D/S OF BHAVANI RIVER CONFL.,TAMILNADU,27.83,5.36,7.88,430.83,1.1
51.0,CAUVERY AT PALLIPPALAYAM,TAMILNADU,26.92,5.6,7.79,479.08,1.49
1320.0,CAUVERY AT ERODE NEAR CHIRAPALAYAM,TAMILNADU,29.0,4.88,7.85,527.0,3.53
1323.0,CAUVERY AT VELORE NEAR KATTIPALAYAM,TAMILNADU,26.08,7.12,7.97,518.5,1.31
3015.0,"CAUVERY AT PUGALUR, KARUR",TAMILNADU,30.0,6.77,7.89,672.17,1.2
1324.0,CAUVERY AT MOHANUR NEAR PATTAIPALAYAM,TAMILNADU,25.92,5.88,7.87,548.33,1.77
1451.0,CAUVERY AT THIRUMUKKUDAL-CONFL. PT.OF R. AMRAVAT,TAMILNADU,29.67,7.06,8.11,637.17,0.72
31.0,CAUVERY AT MUSIRI,TAMILNADU,28.42,6.99,7.99,651.67,1.12
3016.0,"CAUVERY AT PETTAIVAITHALAI, TRICHY",TAMILNADU,28.5,6.78,7.92,684.42,1.19
1202.0,CAUVERY AT TIRUCHIRAPPALLI U/S,TAMILNADU,28.25,7.08,7.93,589.33,1.09
1325.0,CAUVERY AT TIRUCHIRAPPALLI D/S,TAMILNADU,28.0,5.62,7.74,819.83,2.12
1203.0,"CAUVERY AT TRICHY,GRAND ANAICUT",TAMILNADU,28.0,5.52,7.75,807.42,1.85
1206.0,CAUVERY AT THANJAVUR,TAMIL NADU,26.5,6.93,8.17,766.67,0.98
3018.0,"CAUVERY AT MAYILADUTHURAI, NAGAPATTINAM",TAMILNADU,24.0,6.16,7.96,722.0,0.82
3012.0,"CAUVERY AT KOMARAPALAYAM, NAMAKA",TAMILNADU,27.82,5.25,7.79,479.73,2.47
3013.0,"CAUVERY AT URRACHIKOTTAI, ERODE",TAMILNADU,28.0,6.48,7.77,339.75,0.94
3014.0,"CAUVERY AT VAIRAPALAYAM, NAMAKAL",TAMILNADU,27.75,5.24,7.88,417.17,1.63
3017.0,"CAUVERY AT KUMBAKONAM, THANJAVUR",TAMILNADU,27.78,6.72,7.96,571.22,1.2
1326.0,CAUVERY AT COLEROON,TAMILNADU,30.92,7.03,8.17,8300.25,0.79
1327.0,CAUVERY AT PITCHAVARAM,TAMILNADU,30.88,4.9,8.34,2121.5,3.57
1331.0,DAMODAR AT DISHERGARH VILL.(NR.BIHAR-WEST BENGAL BORDER),WEST BENGAL,26.54,8.37,7.51,219.92,3.35
1332.0,DAMODAR AT D/S OF IISCO AFTER 3RD OUTFALL AT DHENNA,WEST BENGAL,27.13,8.31,7.7,247.17,1.91
1333.0,DAMODAR AT NARAINPUR AFTER CONFL. OF NUNIA NALLAH,WEST BENGAL,26.75,7.85,7.68,292.0,3.17
1334.0,DAMODAR NEAR MUJHER MANA VILLAGE AFTER CONF. OF TAMLA NALLAH,WEST BENGAL,29.38,6.88,7.86,466.0,4.82
1335.0,"DAMODAR AT HOOGHLY, DURGACHAK, NEAR PATHIKALI",WEST BENGAL,28.63,6.71,7.31,8395.83,2.98
2527.0,DAMODAR AT WATER INTAKE POINT FOR BURDWAN TOWN,WEST BENGAL,29.0,8.87,7.91,278.33,3.28
1336.0,BARAKAR AT ASANSOL (WATER INTAKE POINT),WEST BENGAL,27.08,8.05,7.76,210.0,2.78
2509.0,"D/S OF RUPNARAYAN AT KOLAGHAT, NEAR KOLAGHAT RAIL BRIDGE NO.3",WEST BENGAL,27.71,6.61,7.56,913.61,2.35
1337.0,RUPNARAYAN B/C TO RIVER GANGA NEAR GEONKHALI,WEST BENGAL,27.92,6.49,7.43,2518.33,1.26
2541.0,WATER INTAKE PT FOR BANKURA TOWN ON RIVER DWARAKESHWAR,WEST BENGAL,28.67,7.77,7.85,310.75,1.68
2531.0,U/S OF TARAPITH ON RIVER DWARKA AT SADHAK BAMDEB GHAT,WEST BENGAL,28.33,6.53,7.67,400.33,5.96
2532.0,"D/S OF TARAPITH ON RIVER DWARKA, SATIGHAT",WEST BENGAL,28.42,9.08,7.84,416.08,7.01
2508.0,"D/S OF SILABATI AT GHATAL,",WEST BENGAL,28.29,6.88,7.5,180.87,2.12
2514.0,"JALANGI, D/S OF KRISHNA NAGAR",WEST BENGAL,28.38,7.06,7.7,391.58,3.31
1764.0,CHURNI D/S OF SANTIPUR TOWN,WEST BENGAL,28.75,4.69,7.66,468.5,4.0
2518.0,"CHURNI, MAJHADIA",WEST BENGAL,28.67,2.97,7.55,493.25,5.73
2517.0,"MATHA BHANGA, GOBINDAPUR",WEST BENGAL,28.54,2.34,7.58,494.42,7.57
2534.0,WATER INTAKE POINT FOR SURI TOWN ON RIVER MAYURAKSHI,WEST BENGAL,27.46,7.48,7.82,154.0,2.28
2507.0,"D/S OF KANSI AT MIDNAPORE, NEAR NEW HANUMAN MANDIR, GANDHIGHAT",WEST BENGAL,29.75,8.77,7.47,200.05,2.55
1946.0,MAHANANDA AT SILIGURI,WEST BENGAL,26.17,6.83,7.3,165.55,2.98
2525.0,"MAHANANDA D/S, RAMGHAT",WEST BENGAL,23.75,7.12,7.66,158.76,3.39
2549.0,U/S OF VINDYADHARI RIVER AT HAROA BRIDGE,WEST BENGAL,27.25,1.35,7.67,3351.67,7.07
2550.0,D/S OF VINDYADHARI RIVER AT MALANCHA BURNING GHAT,WEST BENGAL,27.38,1.67,7.58,9812.75,5.47
1259.0,DHANSIRI AT GOLAGHAT,ASSAM,30.0,6.63,7.08,146.75,1.45
1062.0,GANGA AT GARHMUKTESHWAR,UTTAR PRADESH,19.58,8.58,7.38,219.75,3.37
2488.0,"GANGA U/S, ANOOPSHAHAR",UTTAR PRADESH,19.33,9.22,7.33,221.75,3.12
2489.0,"GANGA D/S, ANOOPSHAHAR",UTTAR PRADESH,19.5,9.18,7.38,230.25,3.23
1145.0,GANGA AT NARORA (BULANDSAHAR),UTTAR PRADESH,20.33,9.34,7.34,216.25,2.65
2490.0,"GANGA AT KACHHLA GHAT, ALIGARH",UTTAR PRADESH,20.33,8.96,7.38,251.08,2.69
1063.0,GANGA AT KANNAUJ U/S (RAJGHAT),UTTAR PRADESH,24.75,8.57,8.08,107.58,3.99
1066.0,GANGA AT KANNAUJ D/S,UTTAR PRADESH,24.75,8.25,8.12,107.92,4.78
1146.0,GANGA AT BITHOOR (KANPUR),UTTAR PRADESH,24.75,8.71,8.21,104.82,4.13
1067.0,GANGA AT KANPUR U/S (RANIGHAT),UTTAR PRADESH,24.75,8.73,8.39,105.89,4.27
1068.0,GANGA AT KANPUR D/S (JAJMAU PUMPING STATION),UTTAR PRADESH,24.75,6.6,8.29,127.01,8.32
1147.0,GANGA AT DALMAU (RAI BAREILLY),UTTAR PRADESH,20.42,7.74,7.87,240.42,3.5
2498.0,"GANGA AT KALA KANKAR, RAEBARELI",UTTAR PRADESH,20.42,7.84,7.85,237.08,3.43
1046.0,GANGA AT ALLAHABAD (RASOOLABAD),UTTAR PRADESH,24.08,7.42,8.25,458.83,5.58
2487.0,"GANGA AT KADAGHAT, ALLAHABAD",UTTAR PRADESH,23.91,7.83,8.2,441.0,4.83
1049.0,GANGA AT ALLAHABAD D/S (SANGAM),UTTAR PRADESH,24.52,7.13,8.21,510.58,5.09
2485.0,"GANGA U/S, VINDHYACHAL, MIRZAPUR",UTTAR PRADESH,26.25,8.51,7.89,455.69,2.77
2486.0,"GANGA D/S, MIRZAPUR",UTTAR PRADESH,26.58,7.85,7.76,460.31,3.32
1071.0,GANGA AT VARANASI D/S (MALVIYA BRIDGE),UTTAR PRADESH,25.28,7.41,8.52,276.67,4.95
1073.0,GANGA AT TRIGHAT (GHAZIPUR),UTTAR PRADESH,25.06,7.61,8.46,288.25,3.67
1080.0,GANGA AT BAHARAMPORE,WEST BENGAL,26.92,7.63,7.82,281.18,3.42
2511.0,"NABADIP ON GANGA,GHOSHPARA NEAR MONIPURGHAT",WEST BENGAL,27.0,7.55,7.78,275.29,2.37
2506.0,"TRIBENI ON GANGA, NEAR BURNING GHAT",WEST BENGAL,27.0,7.37,8.11,273.36,1.64
1054.0,GANGA AT PALTA,WEST BENGAL,27.58,7.03,7.8,287.97,3.13
1472.0,GANGA AT SERAMPORE,WEST BENGAL,27.29,7.0,7.99,280.12,2.35
1053.0,GANGA AT DAKSHMINESWAR,WEST BENGAL,28.25,6.08,7.82,314.58,4.13
1471.0,GANGA AT HOWRAH-SHIVPUR,WEST BENGAL,27.33,6.02,7.81,305.83,2.94
1470.0,GANGA AT GARDEN REACH,WEST BENGAL,27.25,6.23,7.91,311.92,3.25
1052.0,GANGA AT ULUBERIA,WEST BENGAL,27.33,5.48,7.81,331.17,3.25
1469.0,GANGA AT DIAMOND HARBOUR,WEST BENGAL,27.58,6.67,7.91,2447.92,2.43
1312.0,"GODAVARI AT JAYAKWADI DAM, AURNAGABAD",MAHARASHTRA,27.67,6.71,8.48,590.2,4.0
2177.0,GODAVARI RIVER NEAR SOMESHWAR TEMPLE.,MAHARASHTRA,24.27,5.83,7.58,285.23,5.13
2182.0,GODAVARI RIVER AT SAIKHEDA.,MAHARASHTRA,24.25,9.73,7.38,317.61,4.92
2179.0,"GODAVARI RIVER AT HANUMAN GHAT, NASHIK CITY.",MAHARASHTRA,24.09,5.08,7.32,438.7,6.89
2183.0,GODAVARI RIVER AT NANDUR- MADMESHWAR DAM.,MAHARASHTRA,24.5,5.66,7.46,312.25,5.5
2181.0,"GODAVARI RIVER AT KAPILA- GODAVARI CONFL. PT, TAPOVAN.",MAHARASHTRA,24.64,4.13,7.36,523.22,12.0
2180.0,GODAVARI NEAR TAPOVAN.,MAHARASHTRA,24.36,4.7,7.49,425.9,8.88
1096.0,GODAVARI AT PANCHAVATI AT RAMKUND,MAHARASHTRA,24.27,5.14,7.43,407.3,6.13
1211.0,GODAVARI AT NASIK D/S,MAHARASHTRA,24.36,5.31,7.4,406.58,6.46
1095.0,"GODAVARI AT U/S OF GANGAPUR DAM,NASIK",MAHARASHTRA,26.09,6.24,7.57,191.5,3.13
2160.0,"GODAVARI U/S OF AURANGABAD RESERVOIR, KAIGAON TOKKA NEAR KAIGAON BRIDGE.",MAHARASHTRA,27.17,6.63,8.18,762.48,3.75
2158.0,GODAVARI RIVER AT U/S OF PAITHAN AT PAITHAN INTAKE PUMP HOUSE AT JAYAKWADI .,MAHARASHTRA,27.82,6.8,8.52,518.15,3.6
2159.0,GODAVARI RIVER AT D/S OF PAITHAN AT PATHEGAON BDG,MAHARASHTRA,27.82,6.12,8.58,960.21,4.48
2161.0,"GODAVARI AT JALNA INTAKE WATER PUMP HOUSE, SHAHABAD",MAHARASHTRA,28.58,6.62,8.12,1027.08,4.12
12.0,GODAVARI AT DHALEGAON,MAHARASHTRA,25.7,6.7,7.96,597.15,4.87
1210.0,GODAVARI AT NANDED,MAHARASHTRA,29.58,6.36,8.13,565.28,4.26
1209.0,GODAVARI AT RAHER,MAHARASHTRA,29.42,6.21,8.13,581.13,4.38
2157.0,GODAVARI RIVER AT LATUR WATER INTAKE NEAR PUMP HOUSE AT DHAMEGAON.,MAHARASHTRA,26.67,6.99,8.22,547.31,3.38
2360.0,"GODAVARI AT BASARA, ADILABAD",ANDHRA PRADESH,28.68,6.26,7.73,516.55,1.82
2361.0,"GODAVARI  AT MANCHERIAL, NR RLY BDG B/C OF RALLAVAGU",ANDHRA PRADESH,28.5,6.74,8.31,527.88,6.96
2362.0,"GODAVARI AT RAMAGUNDAM D/S, NEAR FCI INTAKE WELL, KARIMNAGAR",ANDHRA PRADESH,28.25,7.04,8.31,552.0,7.1
2363.0,"GODAVARI AT GODAVARIKHANI, NR BATHING GHAT, KARIMNAGAR",ANDHRA PRADESH,28.38,6.74,8.16,657.5,7.44
2364.0,"GODAVARI AT RAMAGUNDAM U/S , KARIMNAGAR",ANDHRA PRADESH,28.38,6.94,8.35,526.13,9.74
2356.0,"GODAVARI D/S OF RAMANUGUNDAM,",ANDHRA PRADESH,28.14,4.57,8.14,582.71,6.36
2365.0,"GODAVARI AT KAMALPUR U/S M/S AP RAYONS LTD. INTAKE WELL, WARANGAL",ANDHRA PRADESH,27.0,5.57,8.06,377.55,5.27
2366.0,"GODAVARI AT KAMALPUR D/S AT M/S. AP RAYONS LTD. DISCHARGE POINT, WARANGAL",ANDHRA PRADESH,27.82,5.42,8.02,393.27,6.58
13.0,GODAVARI AT MANCHERIAL,ANDHRA PRADESH,28.63,6.35,8.18,547.38,8.8
2367.0,"GODAVARI AT BHADRACHALAM U/S BATHING GHAT, KHAMMAM",ANDHRA PRADESH,19.73,6.61,7.71,301.05,0.57
2368.0,"GODAVARI AT BHADRACHALAM D/S BATHING GHAT, KHAMMAM",ANDHRA PRADESH,19.82,6.64,7.57,342.64,0.63
2369.0,"GODAVARI AT BURGAMPAHAD, KHAMMAM",ANDHRA PRADESH,19.91,5.59,7.18,561.91,2.04
2370.0,GODAVARI AT RAJAMUNDRY U/S OF NALLA CHANNEL,ANDHRA PRADESH,25.64,5.95,7.43,291.27,1.05
14.0,GODAVARI AT POLAVARAM,ANDHRA PRADESH,26.82,6.08,7.81,254.0,1.05
1218.0,GODAVARI AT RAJAHMUNDRY U/S,ANDHRA PRADESH,26.68,5.95,7.69,244.55,1.04
2371.0,GODAVARI AT RAJAMUNDRY D/S OF NALLA CHANNEL,ANDHRA PRADESH,25.45,5.93,7.35,313.27,1.15
1219.0,GODAVARI AT RAJAHMUNDRY D/S,ANDHRA PRADESH,25.27,5.98,7.45,284.0,1.16
2673.0,"MANJRA RIVER AT D/S OF LATUR, NEAR LATUR- NANDED BRIDGE AT BHATKHEDA, LATUR.",MAHARASHTRA,26.5,6.78,8.38,515.07,4.07
2374.0,MANJEERA AT GOWDICHARLA B/C WITH NAKKAVAGU,ANDHRA PRADESH,28.46,6.75,7.89,426.42,1.8
2375.0,MANJEERA AT GOWDICHARLA A/C WITH NAKKAVAGU,ANDHRA PRADESH,28.2,6.08,7.87,524.5,2.76
1781.0,"MANJEERA - NEAR GANAPATHI SUGARS , MEDAK DIST",ANDHRA PRADESH,27.36,6.79,8.24,397.64,1.55
1157.0,MANJERA AT RAIPALLU,ANDHRA PRADESH,28.27,6.85,8.23,350.55,1.11
1215.0,MANER AT WARANGAL U/S,ANDHRA PRADESH,28.38,5.19,7.91,567.5,15.4
1158.0,MANER AT SOMNAPALLI,ANDHRA PRADESH,28.29,4.16,8.12,467.57,7.79
2719.0,"WARDHA RIVER AT D/S OF ERAI RIVER, HADASTI, CHANDRAPUR.",MAHARASHTRA,18.42,4.75,8.15,1055.0,7.93
2720.0,"WARDHA RIVER AT U/S OF ERAI RIVER, HADASTI, CHANDRAPUR.",MAHARASHTRA,19.42,5.12,8.17,921.17,6.64
2721.0,"WARDHA RIVER AT U/S OF ACC GHUGGUS, CHANDRAPUR.",MAHARASHTRA,19.08,5.77,8.28,769.71,5.41
2174.0,WARDHA RIVER D/S OF ACC GHUGGUS.,MAHARASHTRA,20.08,5.08,8.24,859.15,8.55
2156.0,WARDHA AT CONFL. POINT OF PENGANGA & WARDHA AT JUAD.,MAHARASHTRA,19.08,5.49,8.15,753.83,5.69
1212.0,WARDHA AT RAJURA BRIDGE,MAHARASHTRA,18.5,5.54,8.16,1106.25,6.85
1214.0,WAINGANGA AT CHINDWARA,MADHYA PRADESH,23.0,7.38,7.47,382.92,2.12
1910.0,WAINGANGA A/C WITH KANHAN,MAHARASHTRA,19.67,5.33,8.22,639.5,8.73
2173.0,WAINGANGA RIVER U/S OF ELLORA PAPER MILL.,MAHARASHTRA,23.08,5.52,8.27,436.0,6.63
2172.0,WAINGANGA RIVER D/S OF ELLORA PAPER MILL.,MAHARASHTRA,22.92,4.95,8.34,473.5,8.19
2175.0,"WAINGANGA U/S OF GAURAV PAPER MILLS, NEAR JACKWELL.",MAHARASHTRA,18.58,5.56,8.27,662.8,5.82
2176.0,"WAINGANGA D/S OF GAURAV PAPER MILLS, NEAR JACKWELL.",MAHARASHTRA,19.25,4.84,8.33,883.0,8.03
11.0,WAINGANGA AT ASHTI,MAHARASHTRA,20.08,5.89,8.14,728.17,5.56
1908.0,KOLAR B/C/ TO KANHAN AT KAMPTEE,MAHARASHTRA,22.0,5.0,8.0,640.0,6.0
1909.0,KANHAN D/S OF NAGPUR,MAHARASHTRA,20.0,5.18,8.1,696.67,7.07
2170.0,"KANHAN RIVER U/S OF M/S VIDHARBHA PAPER MILL, SINORA.",MAHARASHTRA,22.42,5.39,8.33,549.06,6.32
2171.0,"KANHAN RIVER D/S OF M/S VIDHARBHA PAPER MILL, SINORA.",MAHARASHTRA,23.42,4.82,8.34,626.82,8.03
1913.0,PURNA AT DHUPESHWAR,MAHARASHTRA,20.58,5.18,8.28,709.0,8.16
2700.0,"PURNA NR ACHALPUR-AMRAVATI ROAD BRIDGE, ASEGAON, CHANDUR BAZAR, AMRAVATI",MAHARASHTRA,20.0,5.0,9.0,785.0,13.0
1315.0,"NIRA AT PULGAON COTTON MILL, WARDHA",MAHARASHTRA,19.0,4.93,8.28,539.17,8.99
2372.0,"KINNERASANI A/C OF KTPS ASH POND EFFLUENTS, KHAMMAM",ANDHRA PRADESH,19.82,6.35,7.49,477.46,0.61
2373.0,"SABARI AT KUNAVARAM, KHAMMAM",ANDHRA PRADESH,19.91,6.95,7.21,97.45,0.5
2657.0,"BINDUSARA RIVER AT BEED NEAR INTAKE WATER PUMP HOUSE AT DAM, PALIGAON, BEED",MAHARASHTRA,28.9,6.59,8.17,816.85,4.35
2660.0,"DARNA RIVER AT CHEHEDI PUMPING STATION, NASHIK.",MAHARASHTRA,24.73,5.83,7.48,270.28,4.21
2661.0,"DARNA RIVER AT ASWALI ( DARNA DAM), IGATPURI, NASHIK",MAHARASHTRA,24.42,6.4,7.56,186.71,3.23
2662.0,"DARNA AT MES SITE PUMPING STATION, BHAGUR, NASHIK.",MAHARASHTRA,25.13,6.24,7.46,221.9,3.46
2663.0,"DARNAAT BHAGUR PUMPING STATION NEAR PANDHURLI BRIDGE, BHAGUR, NASHIK.",MAHARASHTRA,24.29,6.4,7.46,255.61,3.42
2664.0,"DARNA AT SANSARI, NASHIK.",MAHARASHTRA,24.75,6.03,7.38,251.1,3.67
2697.0,"PENGANGA NR WATER SUPPLY SCHEME OF UMARKHED MC BELKHED, UMARKHED, YAVATMAL",MAHARASHTRA,18.92,5.69,8.22,908.17,5.79
2698.0,"PENGANGA RIVER D/S OF ISAPUR DAM, ISAPUR, PUSAD, YAVATMAL",MAHARASHTRA,19.42,5.57,8.17,833.42,5.48
2699.0,"PENGANGA AT MEHKAR-BULDANA ROAD BRIDGE, MEHKAR, BULDANA",MAHARASHTRA,21.14,4.44,8.26,939.88,9.79
2722.0,"WENA RIVER  AT U/S OF MOHATA MILLS, NEAR RAILWAY BRIDGE, HINGANGHAT",MAHARASHTRA,18.83,5.55,8.43,540.5,6.17
2723.0,"WENA RIVER AT D/S OF MOHATA MILLS, NR RD BRG ON HINGANGHAT-WADNER ROAD",MAHARASHTRA,18.91,4.83,8.2,643.33,9.34
1194.0,KRISHNA AT MAHABALESHWAR DHOM DAM NEAR KOINA DAM,MAHARASHTRA,23.11,5.87,7.73,140.12,4.2
1153.0,KRISHNA AT RAJAPUR WEIR,MAHARASHTRA,27.17,6.62,7.53,497.18,3.11
36.0,"KRISHNA AT KRISHNA BRIDGE, KARAD",MAHARASHTRA,23.21,5.26,7.74,205.38,6.79
1906.0,KRISHNA D/S OF ISLAMPUR,MAHARASHTRA,22.75,6.67,7.83,455.88,4.87
37.0,KRISHNA AT SANGLI,MAHARASHTRA,22.92,6.53,7.81,773.86,3.15
1310.0,KRISHNA AT KURUNDWAD IN KOLHAPUR,MAHARASHTRA,27.17,6.57,7.57,556.13,3.58
2187.0,KRISHNA AT KSHETRA MAHULI.,MAHARASHTRA,21.65,4.87,7.86,435.18,7.27
2188.0,"KRISHNA AT KRISHNA-VENNA SANGAM, MAHULI",MAHARASHTRA,21.12,4.99,7.97,407.81,6.87
2190.0,KRISHNA RIVER AT WAI.,MAHARASHTRA,23.17,4.53,7.85,323.77,8.05
1182.0,KRISHNA AT U/S OF UGARKHURD BARRAGE,KARNATAKA,25.64,6.55,8.51,689.09,2.07
1889.0,KRISHNA - ANKALI BRIDGE ALONG CHIKKODI KAGWAD ROAD,KARNATAKA,24.82,6.76,8.52,668.18,1.88
1181.0,KRISHNA AT D/S OF NARAYANPURA DAM,KARNATAKA,27.86,5.47,8.16,440.0,1.5
2781.0,KRISHNA AT D/S OF ALAMATTI DAM,KARNATAKA,27.77,5.65,8.19,460.0,1.7
1784.0,"KRISHNA AT THANGADI , MAHABOOBNAGAR",ANDHRA PRADESH,28.45,6.75,7.99,766.46,8.78
1175.0,"KRISHNA A/C TUNGABHADRA, SANGAMESHWARAM",ANDHRA PRADESH,27.64,6.3,7.92,372.27,2.36
39.0,KRISHNA AT GADWAL BRIDGE,ANDHRA PRADESH,28.09,6.45,7.97,762.09,8.4
1465.0,"KRISHNA AT WADAPALLY A/C WITH R. MUSI, A.P.(SHIFTED FROM 1220)",ANDHRA PRADESH,27.82,5.7,8.29,587.46,3.27
1786.0,"KRISHNA AT VEDADRI , GUNTUR",ANDHRA PRADESH,23.45,6.75,7.65,666.82,0.54
1787.0,"KRISHNA AT AMARAVATI , GUNTUR",ANDHRA PRADESH,26.73,6.28,7.49,578.91,0.54
25.0,KRISHNA AT VIJAYWADA,ANDHRA PRADESH,22.18,6.61,7.66,563.73,0.53
3079.0,"D/S OF KRISHNA A/C WITH TREATED SEWAGE DISCHARGING FROM 10MLD STP LOCATED AT RAMALINGESHWARNAGAR, VIJAYAWADA,  KRISHNA",ANDHRA PRADESH,20.0,2.4,6.9,1376.33,0.77
3083.0,"KRISHNA D/S OF SRISHAILAM,  KURNOOL",ANDHRA PRADESH,28.33,6.03,7.82,419.0,1.81
1782.0,"KRISHNA AT HAMSALA DEEVI , GUNTUR",ANDHRA PRADESH,20.73,5.61,7.37,3646.91,0.56
1281.0,MAHANADI AT HIRAKUD RSVR,ORISSA,26.92,7.29,7.92,179.33,1.33
1270.0,MAHANADI AT SAMBALPUR U/S,ORISSA,26.92,7.75,7.98,179.5,1.64
1271.0,MAHANADI AT SAMBALPUR D/S,ORISSA,27.25,6.86,8.02,195.58,2.81
2405.0,SAMBHALPUR FDS AT HUMA,ORISSA,27.5,7.31,7.95,185.17,1.8
1272.0,MAHANADI D/S (A/C R. SONG SONEPUR U/S),ORISSA,28.92,8.03,7.27,185.75,1.47
1274.0,MAHANADI A/C WITH R.TEL (SONEPUR D/S),ORISSA,29.0,7.7,8.14,209.42,1.95
1275.0,MAHANADI AT TIKARPADA,ORISSA,27.58,8.27,7.77,181.25,1.4
1276.0,MAHANADI AT NARSINGHPUR,ORISSA,28.25,7.99,8.14,198.75,1.28
1277.0,MAHANADI AT CUTTACK U/S,ORISSA,28.83,8.23,8.08,188.92,1.5
1278.0,MAHANADI AT CUTTACK D/S,ORISSA,29.67,7.7,8.03,188.58,2.54
2409.0,CUTTACK FDS (SERUA) AT SANKHATRASA,ORISSA,28.5,7.88,8.02,195.92,2.54
2406.0,MUNDALI(WATER INTAKE POINT OF BHUBANESWAR CITY,ORISSA,27.25,7.86,8.07,180.92,1.41
2404.0,POWER CHANNEL D/S NEAR BURLA,ORISSA,26.5,7.1,8.04,174.08,1.7
2407.0,PARADEEP U/S (BEFORE INDL ACTIVITY AT PARADEEP),ORISSA,29.5,7.71,7.97,6571.58,1.54
1639.0,MAHANADI AT PARADEEPD/S,ORISSA,29.0,7.33,8.05,18179.3,2.2
1232.0,MAHI D/S CONF WITH R. CHAP (UNDER SAGWARA-SARHI RD. BDG.),RAJASTHAN,26.71,5.24,8.03,556.67,1.47
1864.0,MAHI AT MUJPUR,GUJARAT,26.0,7.8,8.45,1276.0,1.8
4.0,MAHI AT SEVALIA,GUJARAT,26.75,8.8,8.24,358.5,2.33
1233.0,MAHI AT BADNAWAR,MADHYA PRADESH,24.0,8.0,7.6,400.0,1.6
1448.0,NAGAVALLI AT THOTAPALLI REGULATOR,ANDHRA PRADESH,26.64,5.98,7.63,429.27,1.13
2352.0,"RIVER VAMSHADHARA, KALINGAPATNAM,VIZIANAGARAM",ANDHRA PRADESH,27.0,5.95,7.79,308.0,1.13
3080.0,"U/S OF KARAKAVAGU AT PALONCHA,  KHAMMAM",ANDHRA PRADESH,19.83,5.83,7.39,504.75,0.58
3081.0,"D/S OF KARAKAVAGU AT PALONCHA,  KHAMMAM",ANDHRA PRADESH,23.5,6.12,7.46,464.83,0.53
1444.0,KALI AT D/S WEST COAST PAPER MILL,KARNATAKA,28.0,6.43,7.13,182.5,2.3
2780.0,"KALI AT U/S OF WCPM, DANDELI",KARNATAKA,26.5,7.13,7.35,135.0,1.88
2423.0,"BUDHABALANGA, D/S OF BARIPADA TOWN",ORISSA,22.33,7.82,7.9,212.58,1.45
2424.0,BUDHABALANGA AT BALASORE D/S,ORISSA,22.25,7.69,8.06,312.17,1.97
2425.0,"RIVER KERANDI(INTAKE WELL OF NALCO REFINARY, HAL, SUNABEDA)",ORISSA,23.5,6.88,7.62,98.66,1.63
2422.0,"NAGAVALLI AT PENTA U/S, JAYKAYPUR TOWN",ORISSA,27.17,7.33,8.03,230.08,1.63
1642.0,NAGAVALLI AT JAYKAYPUR D/S,ORISSA,26.08,6.81,8.13,263.5,2.58
1643.0,NAGAVALLI AT RAYAGADA D/S,ORISSA,25.25,7.15,8.1,271.83,3.14
1455.0,RUSHIKULYA AT GANJAM U/S,ORISSA,28.0,7.98,8.3,311.83,1.44
1456.0,RUSHIKULYA AT GANJAM D/S,ORISSA,28.75,8.15,7.98,19595.1,1.95
2426.0,VANSADHARA AT MUNIGUDA (D/S OF M/S VEDANTAALUMINA PROJECT),ORISSA,25.83,7.0,7.98,198.92,1.83
2427.0,VANSADHARA ATGUNUPUR (INTERSTATE BOUNDRY),ORISSA,27.67,7.17,8.05,201.08,1.64
1450.0,PALAR AT VANIYAMBADI WATER SUPPLY HEAD WORK,TAMILNADU,26.75,6.76,7.46,890.42,2.08
1159.0,TAMBIRAPARANI AT BDG.NR. MADURA COATS LTD. PAPAVINASAM,TAMILNADU,23.33,7.27,7.56,159.99,1.86
1160.0,"TAMBIRAPARANI AT CHERANMADEVI,CAUSE WAY",TAMILNADU,25.25,7.02,7.69,110.56,2.17
1161.0,"TAMBIRAPARANI AT TIRUNELVELI,COLLECTORATE",TAMILNADU,26.0,6.7,7.66,139.07,3.14
1162.0,TAMBIRAPARANI AT MURAPPANADU,TAMILNADU,29.0,7.18,7.22,287.88,2.06
1328.0,TAMBIRAPARANI AT PAPPANKULAM,TAMILNADU,24.17,6.98,7.11,95.23,1.91
1329.0,TAMBIRAPARANI AT RAIL BDG. NR. AMBASAMUDAM,TAMILNADU,23.5,7.04,7.48,84.26,1.7
1330.0,TAMBIRAPARANI AT ARUMUGANERI,TAMILNADU,29.0,7.44,7.0,3101.4,15.56
3025.0,"TAMBIRAPARANI AT ERAL, THOTHUKUDI",TAMILNADU,29.0,7.19,7.3,509.8,2.92
3026.0,"TAMBIRAPARANI AT KALLIDAI KURICHI, TIRUNELVELI",TAMILNADU,24.42,7.07,7.4,87.88,1.82
3027.0,"TAMBIRAPARANI AT SRIVAIKUNTAM, D/S OF SK ANAICUT, TIRUNELVELI",TAMILNADU,29.0,7.23,6.92,338.16,3.77
3028.0,"TAMBIRAPARANI AT VELLAKOIL, TIRUNELVELI",TAMILNADU,26.42,6.68,7.65,162.41,3.25
3029.0,"TAMBIRAPARANI AT SIVALAPERI, CONFLUENCE POINT OF KUTTRALAM FALLS, D/S OF PALAYAMKOTTAI, TIRUNELVELI",TAMILNADU,26.83,6.68,7.58,181.9,4.15
3023.0,"VASISTA AT SALEM, D/S OF SAGO INDUSRIES EFFLUENT",TAMILNADU,31.75,0.23,7.25,2219.08,185.78
2267.0,"CREEK AT DANDO MOLLO,VELSAO, MAMUGAO",GOA,30.22,6.5,6.74,124.69,1.62
2081.0,AMLAKHADI CREEK AT PUNGAM.,GUJARAT,30.5,1.99,7.74,3164.58,32.31
1316.0,BASSEIN CREEK AT BASSIN IN THANE,MAHARASHTRA,25.42,5.38,7.8,36176.0,9.08
1318.0,MAHIM CREEK AT MAHIM BAY,MAHARASHTRA,28.7,4.5,7.48,40025.3,12.12
1317.0,THANE CREEK AT ELEPHANTA ISLAND,MAHARASHTRA,28.75,5.08,7.73,50655.8,10.08
2793.0,"THANE CREEK AT KALWA ROAD BRIDGE, KALWA, THANE",MAHARASHTRA,28.25,3.43,7.41,16482.9,21.61
2791.0,"ULHAS CREEK AT RETI BUNDER, D/S OF KALYAN- BHIWANDI BDG",MAHARASHTRA,27.73,4.53,7.17,5798.36,18.55
2792.0,"ULAHS CREEK AT MUMBRA RETI BUNDER, VILLAGE MUMBRA, THANE",MAHARASHTRA,28.08,4.65,7.52,21734.8,11.48
2794.0,"ULHAS CREEK AT KOSHLET RETI BUNDER, KOLSHET, THANE",MAHARASHTRA,28.5,5.4,7.37,17271.6,9.5
2795.0,"ULHAS CREEK AT GAIMUKH AT NAGLA BUNDER ON GHOD BUNDER ROAD, NAGLA, THANE",MAHARASHTRA,28.42,4.88,7.59,24135.6,10.08
2796.0,"ULHAS CREEK AT VERSOVA BRIDGE, VERSOVA, VASAI, THANE",MAHARASHTRA,25.5,5.24,7.71,30131.9,9.48
2184.0,VASHI CREEK AT AIROLI BRIDGE.,MAHARASHTRA,26.64,4.78,7.55,30980.2,8.49
2185.0,VASHI CREEK AT VASHII BRIDGE.,MAHARASHTRA,28.33,5.13,7.42,37849.3,9.18
2797.0,"BHAYANDER CREEK AT D/S OF RAILWAY BRIDGE, JASAL PARK CHOUPATHY, NAVGHAR, BHAYANDER, THANE",MAHARASHTRA,25.33,5.5,7.78,33200.8,8.88
2798.0,"KHAREKURAN MURBE CREEK, KHAREKURAN, PALGHAR, THANE",MAHARASHTRA,27.58,4.22,7.6,48643.4,12.18
2799.0,"DANDI CREEK, DANDI, PALGHAR, THANE",MAHARASHTRA,27.64,4.49,7.6,55022.7,10.04
2800.0,"SARAWALI CREEK, SARAWALI, PALGHAR, THANE",MAHARASHTRA,27.58,4.88,7.88,10203.7,8.68
2801.0,"SAVTA CREEK, SAVTA, DAHANU, THANE",MAHARASHTRA,27.75,5.44,8.01,36781.8,8.25
2802.0,DAHANU CREEK AT DAHANU FORT,MAHARASHTRA,27.83,5.5,8.03,36643.8,8.74
2803.0,"PANVEL CREEK AT KOPRA BRIDGE, KOPRA, PANVEL, RAIGAD",MAHARASHTRA,29.18,4.87,6.9,19209.8,9.7
2804.0,KARAMBAVANE CREEK AT CHIPLUN.,MAHARASHTRA,23.25,6.55,7.32,3484.4,2.75
2165.0,SEA WATER AT GATEWAY OF INDIA.,MAHARASHTRA,28.73,4.61,7.69,52860.0,10.72
2166.0,SEA WATER AT CHARNI ROAD CHOUPATHY.,MAHARASHTRA,27.0,4.72,7.66,51690.0,10.68
2167.0,SEA WATER AT WORLI SEA FACE.,MAHARASHTRA,28.75,4.86,7.71,50894.2,10.42
2169.0,SEA WATER AT VERSOVA.,MAHARASHTRA,25.5,4.41,7.79,50604.9,11.64
2805.0,"ARNALA SEA, ARNALA, VASAI, THANE",MAHARASHTRA,25.33,5.18,7.94,46329.5,9.5
2806.0,"UTTAN SEA, UTTAN, BHAYANDER, THANE",MAHARASHTRA,25.42,5.52,7.98,46166.4,10.11
2807.0,"NAVAPURA SEA, NAVAPUR, PALGHAR, THANE",MAHARASHTRA,27.58,4.13,7.71,55801.7,12.07
2808.0,SEA WATER AT NARIMAN POINT,MAHARASHTRA,26.91,4.78,7.6,54593.6,10.87
2809.0,"SEA WATER AT MALABAR HILL, WALKESHWAR, MUMBAI",MAHARASHTRA,28.82,4.55,7.67,52354.5,10.55
2810.0,"SEA WATER AT HAJI ALI, WORLI, MUMBAI",MAHARASHTRA,28.82,4.56,7.75,54210.0,9.63
2811.0,"SEA WATER AT SHIVAJI PARK, DADAR, MUMBAI",MAHARASHTRA,28.91,4.78,7.72,54160.0,10.55
2812.0,"SEA WATER AT JUHU BEACH, JUHUGAON, SANTACRUZ, MUMBAI",MAHARASHTRA,25.67,4.77,7.79,54037.5,11.09
2813.0,"SEA WATER AT GANAPATHIPULE, RATNAGIRI.",MAHARASHTRA,26.58,6.25,7.95,31535.5,4.05
2814.0,"SEA WATER AT BHAGWATI BUNDER, RATNAGIRI NEAR ULTRA TECH CEMENT JETTY AT MIRKARWADA.",MAHARASHTRA,28.09,5.97,8.03,24728.2,3.95
2815.0,MADVI SEA  WATER  AT RATNAGIRI NEAR JODHALE MARUTI TEMPLE AT MADVIGAON.,MAHARASHTRA,27.42,5.85,8.06,26033.0,4.2
2439.0,PURI,ORISSA,26.42,7.05,8.03,40106.7,1.28
2440.0,PARADEEP,ORISSA,28.25,7.07,7.93,41071.7,1.18
2441.0,GOPALPUR,ORISSA,27.58,6.98,7.93,41660.0,1.59
2354.0,"SAMARLA KOTA CANAL, KAKINADA,EAST GODAVARI",ANDHRA PRADESH,24.55,5.85,7.37,338.18,1.13
2355.0,"TULJE BAGH CANAL, TEKRI DRAIN,KAKINADA,EAST GODAVARI,",ANDHRA PRADESH,26.0,5.98,7.37,4849.55,1.31
3051.0,"BUDAMERU CANAL NR BDG AT NH-5, KEESARAPALLY,  KRISHNA",ANDHRA PRADESH,23.38,3.38,7.04,953.88,1.96
2265.0,"CANAL UP STREAM OF CUNCOLIM INDL.EST. CUNCOLIM,SALCETE (1 KM FROM M/S NICOMENT INDUSTRIES)",GOA,30.5,7.65,5.68,55.3,1.31
2268.0,CUMBARJUA CANAL CORLIM(DISCHARGE POINT OF SYNGENTA LIMITED),GOA,30.0,4.96,6.5,176.53,2.25
2073.0,"NARMADA MAIN CANAL, NR. VILLAGE. LIMBADIA, DIST. GANDHINAGAR.",GUJARAT,27.25,7.91,8.21,252.0,2.0
2074.0,"TAPI CANAL AT VILLAGE UMARWADA, NEAR GIDC ESTATE OF PANOLI.",GUJARAT,29.42,7.28,8.08,482.58,2.09
1116.0,W.YAM. CANAL WC-4 DELHI PARALLEL BRANCH AT PANIPAT,HARYANA,22.0,7.2,7.85,267.5,2.44
3461.0,"KANOLI CANAL AT ERANJIKKAL, KAZHEKODE",KERALA,26.56,4.56,7.32,16064.0,1.91
3467.0,"UNTHITHODU AT ELOOR, ERNAKULAM",KERALA,28.09,0.97,6.93,1614.78,14.59
3469.0,"PALAKKATTUTHAZHA-MTHODU AT PERUMBAVOOR, ERNAKULAM",KERALA,27.2,4.73,6.83,68.44,1.76
2428.0,JOBRA( ORIGIN OF TALAGANDA CNAL),ORISSA,27.8,7.94,7.92,173.0,1.78
2429.0,"NAUBAZAR, CUTTACK CITY",ORISSA,28.6,6.44,7.94,182.8,2.08
2430.0,"ATHARABANKI(WATER INTAKE POINT OF PPL, IFFCO & PPT)",ORISSA,29.2,7.71,7.83,572.07,3.62
2932.0,"NARMADA MAIN CANAL (BEFORE ENTERING IN RAJASTHAN STATE), TEHSIL SANCHORE, JALORE",RAJASTHAN,22.21,6.91,8.08,377.5,1.19
2933.0,"GANG CANAL AT KHAKKA HEAR NEAR HINDUMAL KOT, GANGANAGAR",RAJASTHAN,24.66,5.84,7.27,333.33,1.3
2934.0,MASITAWALA HEAD HANUMANGARH,RAJASTHAN,28.47,5.92,7.08,324.17,1.33
1729.0,"NEAR PRAGATI VIDYABHAWAN, AGARTALA",TRIPURA,28.5,1.33,8.84,384.67,33.51
2512.0,"NOAI CANAL NORTH 24 PARGANAS, NEAR GANGA NAGAR MOTIBRIDGE",WEST BENGAL,29.08,1.2,7.16,1196.25,33.72
2513.0,"KHARDA CANAL NORTH 24 PARGANAS, NEAR JAYSHREE CHEMICAL INDUSTRY",WEST BENGAL,28.04,0.0,7.08,916.75,80.4
3052.0,"GUNTATHIPPA DRAIN B/C WITH RYVES CANAL AT RAMAVARAPPADU,  KRISHNA",ANDHRA PRADESH,22.73,2.33,7.0,1736.36,3.05
3053.0,"TULIA BAGH DRAIN AT VEMULAVADA,  EAST GODAVARI",ANDHRA PRADESH,26.27,5.8,7.35,12023.3,1.58
3054.0,"OUTLET OF ASH POND EFFLUENTS OF M/S.NTPC, RAMAGUNDAM,  KARIMNAGAR",ANDHRA PRADESH,29.67,3.28,9.51,1169.0,12.49
3055.0,"TREATED EFFLUENTS OF 339 MLD STP, AMBERPET, HYDERABAD BEFORE JOINING TO MUSI,  HYDERABAD",ANDHRA PRADESH,27.22,1.36,7.66,1501.27,32.89
3056.0,"OUTLET OF STP, LANGARHOUSE LAKE,  RANGA REDDY",ANDHRA PRADESH,27.25,2.68,7.93,1352.0,16.19
3057.0,"OUTLET OF STP, NAGOLE ON RIVER MUSI,  RANGA REDDY",ANDHRA PRADESH,27.6,3.99,7.86,1116.36,23.0
3058.0,"OUTLET OF STP, KHAIRATABAD ON HUSSAINSAGAR LAKE, RANGA REDDY",ANDHRA PRADESH,26.71,3.3,7.38,962.0,28.57
3059.0,"OUTLET OF STP, SAFILGUDA LAKE, RANGA REDDY",ANDHRA PRADESH,27.38,2.06,7.78,1631.7,26.14
3060.0,"OUTLET OF STP, DURGAM CHERUVU, RANGAREDDY",ANDHRA PRADESH,24.43,2.59,8.12,1691.11,12.68
3061.0,"OUTLET OF STP, NALLACHERUVU ON MUSI,  RANGAREDDY",ANDHRA PRADESH,27.4,2.83,7.71,1733.5,36.83
3062.0,"OUTLET OF STP, SAROOR NAGAR, RANGAREDDY",ANDHRA PRADESH,27.7,2.31,7.68,1779.45,25.0
3063.0,"OUTLET OF STP ON RIVER GODAVARI AT MANCHERIAL,  ADILABAD",ANDHRA PRADESH,27.64,3.79,7.61,1573.64,60.36
3064.0,"OUTLET OF 4MLD STP ON RIVER GODAVARI AT RAMAGUNDAM,  KARIMNAGAR",ANDHRA PRADESH,29.5,0.38,7.92,1408.0,32.8
3065.0,"OUTLET OF 14MLD STP ON GODAVARI, RAMAGUNDAM,  KARIMNAGAR",ANDHRA PRADESH,30.1,1.37,7.8,1189.1,42.61
3066.0,"OUTLET OF STP ON GODAVARI, BHADRACHALAM,  KHAMMAM",ANDHRA PRADESH,20.73,1.92,6.88,1114.36,3.3
3067.0,"OUTLET OF STP ON GODAVARI, RAJAHMUNDRY,  EAST GODAVARI",ANDHRA PRADESH,25.36,5.85,7.55,298.55,1.13
2178.0,CHIKHALI NALLAH MEETS GODAVARI RIVER.,MAHARASHTRA,24.8,3.75,7.22,1079.33,14.09
2782.0,"RABODI NALLAH, RABODI, THANE",MAHARASHTRA,28.5,2.1,7.2,602.73,100.29
2783.0,"COLOUR CHEMICAL NALLAH, VILLAGE- MAJIWADA, THANE",MAHARASHTRA,28.5,1.99,7.37,4585.0,44.53
2784.0,"SANDOZ NALLAH, SANDOZBAUG, THANE",MAHARASHTRA,28.45,2.1,7.38,1290.47,55.18
2786.0,TARAPUR MIDC NALLA ( NEAR SUMP 1),MAHARASHTRA,27.64,2.25,6.25,3622.82,238.55
2787.0,"TARAPUR MIDC NALLA (NEAR SUMP 2), TARAPUR, PALGHAR, THANE",MAHARASHTRA,28.0,6.8,7.0,4714.56,297.33
2788.0,"TARAPUR MIDC NALLA (NEAR SUMP 3), MIDC TARAPUR, PALGHAR, THANE",MAHARASHTRA,28.2,2.4,5.22,6219.8,446.0
2789.0,"NALLA AT D/S ALKAI MANDIR, SOLAPUR, VILLAGE-ALKAI, TAL: MALSHIRAJ, DIST: SOLAPUR",MAHARASHTRA,33.67,3.03,7.77,1394.52,14.47
2790.0,PIMPAL-PANERI NALLA  AT RATNAGIRI NEAR FINOLEX INDUSTRIES AT YAHGANIGAON.,MAHARASHTRA,28.56,6.37,6.86,1272.96,3.6
1475.0,ZUARI AT PANCHAWADI,GOA,29.5,6.06,6.82,408.25,1.25
3181.0,RIVER ZUARI AT BORIM BRIDGE,GOA,30.17,5.5,6.89,143.01,1.28
3182.0,RIVER ZUARI AT MARCAIM JETTY,GOA,28.83,5.4,7.22,60.05,1.46
1400.0,MANDOVI AT NEGHBOURHOOD OF PANAJI,GOA,29.0,5.77,7.21,34.42,5.25
1476.0,"MANDOVI AT TONCA, MARCELA",GOA,28.5,5.9,6.7,125.01,1.51
3185.0,MANDOVI AT AMONA BRIDGE,GOA,28.17,6.37,6.72,175.18,1.27
3186.0,RIVER MANDOVI AT IFFI JETTY,GOA,29.67,6.15,7.73,38.66,1.27
3187.0,MANDOVI NEAR HOTEL MARRIOT,GOA,29.83,6.12,7.76,39.31,1.5
1543.0,KALNA AT CHANDEL- PERNEM,GOA,27.25,7.34,6.86,60.53,0.7
1548.0,RIVER ASSONORA AT ASSONORA,GOA,28.13,6.76,6.57,71.01,1.47
2276.0,"BICHOLIM VARAZAN NAGAR, BICHOLIM",GOA,29.42,7.43,6.51,129.36,2.27
2275.0,"RIVER CHAPORA NEAR ALORNA FORT ,PERNEM",GOA,28.33,7.0,6.76,503.0,1.6
3189.0,RIVER CHAPORA AT SIOLIM,GOA,29.0,6.3,7.52,31.15,1.62
1546.0,KHANDEPAR AT OPA - PONDA,GOA,28.5,7.09,6.75,70.06,0.83
2270.0,"KHANDEPAR AT CODLI NR BDG, U/S OPA WATERWORKS,SANGUEM",GOA,29.67,7.3,6.76,69.23,1.21
2272.0,"RIVER KUSHAWATI NEAR BUND AT KEVONA,RIVON,SANGUEM",GOA,28.33,6.73,6.6,117.99,0.98
1545.0,RIVER MADAI AT DABOS -  VALPOI,GOA,28.25,7.44,6.79,80.39,1.26
2274.0,RIVER MAPUSA ON CULVERT ON HIGHWAY MAPUSA-PANAJI,GOA,29.42,4.49,6.56,250.01,2.42
2271.0,"SAL PAZORKHONI, CUNCOLIM (NEAR CULVERT MARGAO- CANACONA NATIONAL HIGHWAY)",GOA,28.42,6.08,6.9,74.45,1.85
2273.0,"RIVER SAL NEAR HOTEL LEELA MOBOR,CAVELOSSIM",GOA,29.92,5.91,7.3,44.01,1.63
3183.0,"SAL AT KHAREBAND, MARGAO",GOA,30.17,2.38,6.48,195.03,4.78
3184.0,"SAL AT ORLIM BRIDGE, ORLIM",GOA,31.17,4.02,6.79,206.89,1.77
3190.0,RIVER SINQUERIM (CANDOLIM SIDE NEAR BRIDGE),GOA,29.33,5.42,7.65,40.0,1.57
3191.0,RIVER SINQUERIM NEAR NERUL TEMPLE,GOA,29.67,5.33,7.63,41.06,1.37
1547.0,RIVER TALPONA AT CANACONA,GOA,28.88,7.0,6.93,54.11,0.82
3188.0,RIVER TIRACOL AT TIRACOL,GOA,29.17,5.9,7.72,43.82,2.05
1544.0,VALVANT AT SANKLI - BICHOLIM,GOA,29.25,7.13,6.54,59.79,1.7
1150.0,DAMANGANGA AT KACHIGAON U\S AT GIDC WIER,GUJARAT,28.17,7.24,7.39,318.83,0.68
1865.0,RIVER DHADAR AT KOTHADA,GUJARAT,27.0,6.2,8.38,894.0,9.0
1434.0,AMLAKHADI AFTER CONFL. OF W. WATER FROM ANKLESHWAR,GUJARAT,30.25,2.18,7.98,1835.25,17.93
1980.0,AMLAKHADI AT PUNGAM ANKLESHWAR DISTT BHARUCH,GUJARAT,30.5,1.99,7.74,3164.58,32.31
1149.0,KOLAK AT PATALIA BDG,GUJARAT,29.0,2.4,7.55,1500.0,6.15
1023.0,GHAGGAR AT MUBARAKPUR REST HOUSE (PATIALA),PUNJAB,21.33,5.5,7.38,635.0,8.75
1024.0,GHAGGAR AT 100M D/S CONF. WITH R. SARASWATI (PATIALA),PUNJAB,24.0,5.5,7.4,1050.5,25.0
1295.0,"GHAGGAR NEAR BANKARPUR,DERA BASSI",PUNJAB,21.33,5.33,7.28,635.5,9.85
1473.0,"GHAGGAR AT RATANHERI, D/S OF PATIALA NADI (AFTER CONFL.)",PUNJAB,23.67,5.1,7.43,993.0,21.85
1698.0,"GHAGGAR AT D/S CHHATBIR, PUNJAB",PUNJAB,21.33,5.28,7.48,631.75,13.45
1699.0,GHAGGAR AT U/S DHAKANSU NALLAH,PUNJAB,17.5,4.87,7.4,972.67,17.47
1700.0,GHAGGAR AT D/S DHAKANSU NALLAH,PUNJAB,22.33,4.3,7.5,1155.5,24.5
1701.0,GHAGGAR AT D/S JHARMAL NADI,PUNJAB,22.0,4.8,7.4,903.5,26.0
1702.0,GHAGGAR AT U/S JHARMAL NADI,PUNJAB,21.33,5.05,7.4,1110.25,16.0
1703.0,GHAGGAR AT MOONAK,PUNJAB,24.0,5.28,7.43,1289.5,26.85
1704.0,GHAGGAR AT D/S SARDULGARH,PUNJAB,22.33,4.9,7.43,989.75,27.75
1705.0,GHAGGAR AT U/S SARDULGARH,PUNJAB,22.33,5.15,7.35,914.0,20.53
1718.0,GAGGAR RIVER WHEN ENTERING IN RAJASTHAN FROM HARYANA NEAR RD NO. 629,RAJASTHAN,32.7,4.75,7.48,280.0,2.42
1871.0,"RIVER MARKANDA AT PAONTA, DISTT. SIRMOUR",HIMACHAL PRADESH,19.92,7.75,7.41,344.0,1.25
2624.0,MARKANDA U/S KALA AMB,HIMACHAL PRADESH,20.23,7.29,7.01,310.15,1.42
2625.0,MARKANDA D/S KALA AMB/ BOUNDARY OF HARYANA,HIMACHAL PRADESH,19.64,7.15,7.71,302.82,1.53
1870.0,"RIVER SUKHANA AT PARWANOO, DISTT. SOLAN",HIMACHAL PRADESH,18.06,6.21,7.51,787.5,41.5
2947.0,"JAWAI AT JAWAI DAM, SIROHI",RAJASTHAN,23.92,6.04,8.28,468.33,1.41
1717.0,"KODRA DAM, MOUNT ABU",RAJASTHAN,19.42,5.95,7.29,234.17,1.5
2948.0,"BANDI AT HEMAWAS DAM, PAL",RAJASTHAN,23.43,6.39,8.04,527.14,1.19
2949.0,"RIVER LUNI AT RANAKPUR DAM, RANAKPUR, PALI",RAJASTHAN,23.58,5.85,7.91,795.83,1.47
1342.0,ACHENKOIL AT THUMPAMON,KERALA,25.6,7.03,7.18,78.83,0.8
1443.0,ACHENKOIL AT CHENNITHULA,KERALA,26.35,6.59,7.0,66.84,1.12
3465.0,"ACHENKOIL AT KALLARAKADAVU, PATHANAMTHITTA",KERALA,25.99,6.64,7.29,59.22,0.71
3466.0,"ACHENKOIL AT PANDALAM (NEAR AYYAPPA TEMPLE), PATHANAMTHITTA",KERALA,26.31,6.24,7.26,66.33,0.76
2297.0,R ANCHARAKANDY AT MERUVAMBA,KERALA,26.25,7.08,6.97,67.2,0.97
2319.0,R ANCHARAKANDY AT MERUVAMBA,KERALA,26.15,7.0,6.65,5340.6,1.05
2286.0,R AYROOR AT AYROOR BRIDGE,KERALA,28.81,6.71,7.33,89.0,1.09
2331.0,R BHARATHAPUZHA AT KUTTIPPURAM,KERALA,28.05,6.24,7.28,135.6,0.99
2332.0,R BHARATHAPUZHA AT PATTAMBI,KERALA,27.65,7.12,8.1,212.1,0.93
1154.0,CHALAKUDY AT PULICKALKA-DAVU,KERALA,28.52,6.33,6.32,133.75,1.18
20.0,CHALIYAR AT KOOLIMADU,KERALA,25.92,7.26,7.22,75.92,0.64
21.0,CHALIYAR AT CHUNGAPALLY,KERALA,26.0,7.03,7.28,11041.1,0.91
3464.0,"CHALIYAR AT NILAMBUR, MALAPPURAM",KERALA,27.56,6.79,7.06,75.0,0.79
1572.0,CHANDRAGIRI AT PADIYATHADKA,KERALA,28.64,7.41,7.15,60.8,0.65
1573.0,CHITRAPUZHA AT IRUMPANAM,KERALA,28.49,1.74,6.57,768.9,3.35
2295.0,R CORAPUZHA AT KANAYANKODE,KERALA,26.4,6.08,7.52,14082.6,1.43
1564.0,"R ITHIKKARA AT AYUR, KERALA",KERALA,26.38,6.64,7.17,91.84,0.77
2287.0,R ITHIKKARA AT ITHIKKARA,KERALA,24.76,6.59,7.23,1347.6,0.83
1566.0,R KADALUNDI AT THIRURANGADY,KERALA,29.3,5.95,6.65,95.4,1.16
2293.0,R KADALUNDI AT HAJIRAPPALLY,KERALA,29.15,6.61,6.78,78.1,1.0
2337.0,KADAMBAYAR AT BRAHMAPURAM,KERALA,27.76,0.59,6.69,268.08,4.14
2338.0,KADAMBAYAR AT MANCKAKADAVU,KERALA,27.17,1.78,6.61,82.25,2.01
42.0,"KALLADA AT PERUMTHOTTAM KADAVU, PUNALOOR",KERALA,24.94,7.08,7.18,61.37,0.97
2294.0,R KALLAI AT KALLAI BRIDGE,KERALA,25.9,3.93,7.58,30297.9,2.48
3460.0,"KALPATHI PUZHA AT KALPATHI, PALAKKAD",KERALA,27.44,6.57,8.03,309.78,1.06
3458.0,KARAPUZHA DAM AT WAYANAD,KERALA,27.4,7.01,7.14,97.0,0.79
1571.0,R KARINGODE AT KAKKADAVU,KERALA,28.82,7.26,6.99,51.33,0.73
1155.0,KARAMANA AT MOONNATTUMUKKU,KERALA,28.75,0.45,7.12,1716.75,21.21
3471.0,"RIVER KARAMANA AT ARUVIKARA, THIRUVANANTHAPURAM",KERALA,28.64,6.96,7.36,54.57,0.9
2289.0,R KARUVANNURR AT KARUVANNUR BRIDGE,KERALA,29.2,6.1,6.79,66.6,1.09
2301.0,R KAVVAI AT KUTTIYOL PALAM,KERALA,27.4,7.03,6.67,60.5,1.34
2291.0,R KEECHERI AT VADAKKANCHERY BRIDGE,KERALA,30.05,5.23,6.89,81.0,1.45
2326.0,R KORAYAR AT KANJIKODE,KERALA,27.4,6.13,8.0,510.1,1.07
1569.0,R KUPPAM AT THALIPARAMBA,KERALA,26.6,6.45,6.94,12150.4,1.76
2298.0,R KUPPAM AT RAYAROM,KERALA,25.3,7.89,7.16,49.5,1.11
1567.0,R KUTTIYADE AT KUTTIYADY ESTATE,KERALA,25.3,7.46,6.93,33.9,0.85
1568.0,"R MAHE AT VALAYAM, KERALA",KERALA,25.9,6.97,7.36,72.1,1.03
2285.0,R MAMOM AT MAMOM BRIDGE,KERALA,28.63,7.34,7.31,99.0,0.9
1340.0,MANIMALA  AT KALLOOPARA,KERALA,27.3,7.53,6.92,124.8,1.58
1384.0,MANIMALA AT THONDRA,KERALA,27.35,6.77,6.85,115.6,1.65
3459.0,"MANIYANKODE PUZHA AT MANIYANKODE BRIDGE, WAYANAD",KERALA,26.61,5.81,7.32,106.67,0.92
2307.0,R MANJESWAR AT BAJRAKKARA BR.,KERALA,28.44,7.13,7.18,85.12,0.82
1339.0,MEENACHIL AT KIDANGOOR,KERALA,26.47,6.76,7.07,58.49,0.74
2304.0,R MOGRAL AT MOGRAL BR.,KERALA,28.51,5.74,7.26,13197.2,1.45
43.0,MUVATTAPUZHA AT VETTIKKATTUMUKKU,KERALA,26.95,6.73,7.05,58.42,1.23
2302.0,R NEELASWARAM AT NAMBIARKAL DAM,KERALA,28.4,7.0,6.93,3453.3,0.9
1570.0,R NEELESWARAM AT HOSDURG,KERALA,28.69,6.52,7.03,14369.3,1.3
1563.0,R NEYYAR AT AMARAVILA,KERALA,28.38,6.56,7.34,70.25,1.41
2284.0,R NEYYAR AT ARUVIPURAM,KERALA,28.6,7.0,7.26,59.5,0.79
2288.0,R PALLICKAL AT NELLIMUKAL,KERALA,25.73,6.32,7.2,97.49,0.79
1156.0,PAMBA AT CHENGANNUR,KERALA,27.5,6.03,6.98,62.84,1.07
1341.0,PAMBA AT THAKAZHY,KERALA,28.0,4.37,7.07,113.0,1.53
1565.0,PAMBA DOWN,KERALA,28.0,4.53,7.21,79.4,0.97
17.0,PERIYAR NEAR ALWAYE-ELOOR,KERALA,28.38,5.13,6.87,1788.83,2.08
18.0,PERIYAR AT KALADY,KERALA,27.47,7.46,7.18,35.5,1.13
1338.0,PERIYAR AT SEWAGE DISCHARGE POINT,KERALA,27.64,6.76,6.96,59.33,1.33
2333.0,PERIYAR AT MUPPATHADAM,KERALA,28.38,6.75,6.92,114.3,1.43
2334.0,RIVER PERIYAR AT PATHALAM,KERALA,28.08,5.93,6.78,1108.42,2.23
2335.0,R PERIYAR AT KALAMASSERY,KERALA,28.32,4.93,6.71,88.0,2.18
2336.0,R PERIYAR AT PURAPPALLIKAVU,KERALA,28.34,6.84,6.9,1686.0,1.41
3468.0,"PERIYAR AT KWA INTAKE- ALUVA, ERNAKULAM",KERALA,27.92,7.12,6.89,44.67,1.21
2300.0,PERUVAMBA AT CHANDAPPURA,KERALA,26.35,6.92,6.63,55.7,1.14
2303.0,R PULLUR AT PULLUR BR.,KERALA,28.31,6.46,6.28,48.91,1.0
2290.0,R PUZHACKAL AT PUZHACKAL BRIDGE,KERALA,29.45,4.88,6.63,169.3,2.14
2299.0,R RAMAPURAM AT RAMAPURAM BRIDGE,KERALA,27.9,4.15,6.54,19574.7,1.41
2305.0,R SHRIYA AT ANGADIMOGARU,KERALA,28.11,6.86,7.14,62.67,0.9
2296.0,THALLASSERY AT PATHIPPALAM,KERALA,26.2,6.56,6.66,69.0,0.8
2292.0,R THIRUR AT THALAKKADATHUR BRIDGE,KERALA,29.15,4.51,6.6,6380.8,2.07
2306.0,R UPPALA AT  UPPALA BR.,KERALA,28.9,6.23,7.24,9325.8,1.34
3473.0,"RIVER VALAPATTANAM AT PARASSINIKADAVU, KANNUR",KERALA,26.61,6.59,7.06,15158.2,1.14
1442.0,VAMANAPURAM,KERALA,29.06,6.28,7.25,73.88,1.21
1391.0,"HUSSAIN SAGAR LAKE, BUDAMERU",ANDHRA PRADESH,28.82,3.43,7.51,1439.36,62.0
1447.0,DHARMASAGAR TANK NEAR WARANGAL,ANDHRA PRADESH,27.0,7.23,7.69,307.09,7.05
1464.0,BIBINAGAR TANK,ANDHRA PRADESH,28.18,6.06,8.01,1404.55,4.04
1780.0,"GANDIGUDEM ,MEDAK",ANDHRA PRADESH,28.41,5.17,7.39,4119.73,14.27
1783.0,"KISTAREDDYPET TANK , MEDAK",ANDHRA PRADESH,28.61,4.51,7.84,8321.22,27.9
1788.0,"SAROONAGAR , RANGA REDDY",ANDHRA PRADESH,27.4,2.25,7.65,1553.2,56.25
1789.0,"HIMAYAT SAGAR LAKE , R.R.",ANDHRA PRADESH,27.67,5.14,8.06,422.44,8.44
1790.0,"PULICATE LAKE ,  NELLORE",ANDHRA PRADESH,28.82,5.0,7.59,48005.5,1.03
2340.0,"LAXMINARAYANA CHEVURU AT EDULABAD,RANGAREDDY",ANDHRA PRADESH,27.18,2.68,7.73,1485.36,47.56
2341.0,"MIRALAM LAKE NEAR ZOO PARK, RANGAREDDY",ANDHRA PRADESH,28.64,4.95,7.66,1487.18,31.13
2342.0,"NOOR MD. KUNTA, KATTEDAN, RANGAREDDY",ANDHRA PRADESH,27.09,0.92,7.75,2422.0,59.14
2343.0,"PREMAJIPET TANK, KATTEDAN, RANGAREDDY",ANDHRA PRADESH,27.73,3.34,5.07,7703.73,65.2
2344.0,"NALLA CHEVURU,RANGAREDDY",ANDHRA PRADESH,26.36,0.0,7.56,1580.45,53.75
2345.0,"SAI CHEVURU, NEAR TANNERY INDUSTRIES, DESAIPET, WARANGAL",ANDHRA PRADESH,28.36,3.08,7.83,33683.6,228.0
2346.0,"BHADRAKALI CHEVURU, BHADRAKALI TEMPLE, WARANGAL",ANDHRA PRADESH,26.82,5.35,7.86,456.09,15.25
2353.0,"KONDACHARLA-AAVA LAKE,PARAWADA PHARMA CITY,VISHAKHAPATNAM",ANDHRA PRADESH,27.09,6.14,7.61,923.55,1.13
2357.0,DURGAM CHEVURU,ANDHRA PRADESH,26.11,3.32,7.4,1383.8,36.94
2358.0,MALLAPUR TANK,ANDHRA PRADESH,26.82,1.14,7.89,1821.27,32.43
2359.0,PEDDA CHEVURU,ANDHRA PRADESH,26.91,1.3,7.75,2373.73,64.75
3068.0,"RAMAPPA LAKE,  WARANGAL",ANDHRA PRADESH,26.91,5.6,7.76,290.36,8.04
3069.0,"SHAMEERPET LAKE, SHAMEERPET, RANGA REDDY",ANDHRA PRADESH,27.0,3.38,7.64,900.2,25.0
3070.0,"FOX SAGAR, JEEDIMETLA,  RANGA REDDY",ANDHRA PRADESH,26.9,2.91,7.72,1681.0,38.19
3071.0,"LANGARHOUSE LAKE, HYDERABAD",ANDHRA PRADESH,27.13,0.0,7.55,1047.78,38.17
3072.0,"SAFILGUDA LAKE,  RANGA REDDY",ANDHRA PRADESH,27.13,2.44,7.61,1594.67,56.0
3073.0,"HASMATHPET LAKE, HASMATHPET,  RANGA REDDY",ANDHRA PRADESH,26.86,1.07,7.53,1623.44,56.25
3074.0,"BANJARA LAKE, BANJARA HILLS,  RANGA REDDY",ANDHRA PRADESH,27.83,0.25,8.02,744.0,43.83
3075.0,"RANGADHAMUNI CHERUVU,  RANGA REDDY",ANDHRA PRADESH,27.25,5.19,7.6,1260.0,54.89
3076.0,"AMBER CHERUVU, KUKATPALLY,  RANGA REDDY",ANDHRA PRADESH,26.17,4.97,7.54,1672.5,46.86
3077.0,"KAPRA CHERUVU, KAPRA,  RANGA REDDY",ANDHRA PRADESH,26.56,4.78,7.75,1480.3,29.88
3078.0,"PRAGATHINAGAR CHERUVU, KUKATPALLY,  RANGA REDDY",ANDHRA PRADESH,28.5,3.85,7.75,1276.25,32.75
3084.0,"WADDEPALLY TANK, KAZIPET,  WARANGAL",ANDHRA PRADESH,27.3,6.75,7.81,512.4,18.7
3085.0,"CHINNA WADDEPALLY TANK,  WARANGAL",ANDHRA PRADESH,28.82,2.95,7.79,1658.36,20.26
3086.0,"SAKI TANK, PATANCHERU,  RANGA REDDY",ANDHRA PRADESH,28.18,5.99,8.14,1562.64,4.03
1388.0,ULSOOR LAKE TRAINING CENTRE OF FISH BREEDING,KARNATAKA,29.0,8.06,7.78,506.0,13.75
1446.0,HEBALLA VALLEY LAKE AT D/S ROAD BRIDGE NR. MANDYA,KARNATAKA,26.0,2.93,7.45,458.0,5.5
1383.0,ORUVATHILKOTTA LAKE,KERALA,29.31,5.11,7.28,796.25,3.2
1385.0,SASTHAMCOTTA LAKE,KERALA,26.64,7.05,6.95,65.36,0.56
1441.0,ASHTHAMUDI LAKE AT QUILON,KERALA,25.12,3.89,7.39,38810.0,9.3
1574.0,PARAVUR,KERALA,26.85,6.15,7.27,19713.8,1.87
1575.0,KOCHI (OIL TANKER JETTY),KERALA,28.43,5.74,7.52,23207.2,2.15
1576.0,THEKKADY,KERALA,25.09,7.18,7.5,61.6,0.63
1577.0,KODUNGALLOOR,KERALA,28.45,6.14,7.31,16191.1,2.01
1578.0,KAYAMKULAM,KERALA,27.4,6.15,7.09,24500.0,3.89
1579.0,ALAPPUZHA,KERALA,27.5,5.51,6.76,1614.9,2.92
1580.0,POOKOTE,KERALA,25.52,6.69,6.91,27.6,0.66
2312.0,LAKE VEMBANADU AT PATHIRAMANAL (ALAPPUZHA),KERALA,27.9,6.88,6.81,1327.9,1.51
2318.0,PAZHASSI RESERVOIR (KANNUR),KERALA,27.75,7.69,7.15,62.1,1.62
2325.0,POND AT (PADMANABHA) SREE PADMANABHA SWAMY TEMPLE (TVPM),KERALA,28.75,7.18,7.69,250.42,2.43
2328.0,RSVR AT MALAMPUZHA,KERALA,27.05,6.88,7.87,124.5,1.03
2329.0,RSVR AT BHOOTHATHANKETU,KERALA,27.36,7.74,7.27,30.5,1.1
2330.0,RSVR AT EDAMALAYAR,KERALA,28.16,7.86,7.32,29.4,1.05
3462.0,MANANCHIRA POND AT KOZHEKODE,KERALA,25.89,6.77,7.36,83.89,0.73
3470.0,"VELLAYANI LAKE AT VANDITHADOM, THIRUVANANTHAPURAM",KERALA,29.0,5.77,7.33,198.0,2.77
1420.0,KODAI KANAL LAKE,TAMILNADU,20.55,6.86,7.37,96.29,5.35
1421.0,UDHAGAMADALEM LAKE (OOTY),TAMILNADU,17.42,3.93,7.2,424.08,16.86
1452.0,"YERCAUD LAKE, SALEM",TAMILNADU,23.83,7.48,7.85,300.25,1.66
3007.0,VEERANAM LAKE AT CUDDALORE,TAMILNADU,31.0,6.52,8.41,726.5,1.64
3010.0,PORUR LAKE AT THIRUVALLUR,TAMILNADU,26.57,7.1,8.52,561.42,3.25
2205.0,MER BEEL AT MADHABPUR,ASSAM,23.0,6.38,6.5,92.0,4.9
2206.0,DALONI BEEL NEAR JOGIGHOPA,ASSAM,24.5,6.18,7.33,148.25,4.85
1263.0,ELANGABEEL SYSTEM POND (CONNECTED TO R. KOLANG),ASSAM,31.75,2.25,10.08,2122.5,19.65
2207.0,BOR BEEL AT JAKAI.,ASSAM,22.25,6.33,6.53,104.5,4.18
2208.0,"BORPUKHURI, NAZIRA",ASSAM,24.0,6.2,6.98,32.75,3.0
2209.0,"GAURISAGAR TANK, GAURISAGAR",ASSAM,24.0,6.5,6.88,20.25,3.48
2210.0,"RAJMAW PUKHURI, JORHAT",ASSAM,24.75,5.88,7.08,78.0,3.6
2211.0,"PADUMPUKHURI, TEZPUR",ASSAM,23.75,9.63,7.8,283.25,8.03
2212.0,"GOPHUR TANK, GOPHUR",ASSAM,24.25,8.35,6.93,114.0,4.83
2213.0,"JAIPAL PUKHURI, SIPAJHAR",ASSAM,23.75,8.35,6.8,25.25,6.48
2214.0,"BOTODRIVA SATRA POND, NAGAON",ASSAM,26.67,7.43,6.83,27.33,3.33
2215.0,SARAN BEEL,ASSAM,29.0,6.2,7.0,119.0,3.38
2216.0,"DIGHALI PUKHURI, GUWAHATI",ASSAM,27.0,11.65,7.83,174.75,10.7
2217.0,"SUBHAGYA KUNDA POND KAMAKHYA TEMPLE, GUWAHATI",ASSAM,19.08,9.88,7.0,395.5,5.3
2218.0,"DEEPAR BEEL AT BORAGAON NEAR IASST, GUWAHATI",ASSAM,26.25,5.35,7.05,263.0,5.03
2219.0,"BISHNU PUSKAR PUKHURI OF HAYAGRIB MADHAB TEMPLE, HAJO",ASSAM,26.75,6.88,7.65,235.25,5.93
2220.0,"CHAND DUBI BEEL, CHAND DUBI",ASSAM,27.75,7.33,6.93,34.25,2.35
2221.0,"GANGA PUKHURI, NALBARI (GORDON SCHOOL)",ASSAM,28.25,6.7,7.0,53.5,3.73
2222.0,RAJADINIA PUKHURI AT ABHAYAPURI,ASSAM,25.0,6.2,7.53,45.0,6.35
2223.0,MAHAMAYA MANDIR PUKHURI,ASSAM,27.0,6.18,7.23,92.5,4.75
2224.0,RAJAPUKHURI AT GAURIPUR,ASSAM,27.5,6.18,7.4,73.25,8.28
2225.0,"BASKANDI POND INSIDE THE BASKANDI MADRASA, BASKANDI",ASSAM,13.25,6.65,7.15,150.25,3.15
2226.0,SIVASAGAR TANK (BORPUKHURI) NEAR SIVADOL,ASSAM,24.25,6.1,6.7,21.0,3.13
2227.0,"HORDAI PUKHURI, CHARAIDEW",ASSAM,24.25,6.2,6.73,25.0,2.3
2228.0,GALA BEEL AT DERGAON,ASSAM,31.25,5.25,6.93,134.5,2.25
1532.0,"*GOYSAGAR TANK, SIBSAGAR",ASSAM,23.0,6.2,6.7,20.0,2.43
1347.0,UMIAM LAKE AT BARAPANI,MEGHALAYA,22.25,6.87,7.13,142.5,7.84
3346.0,UMIAM LAKE AT OUTFALL OF UMIAM RIVER,MEGHALAYA,21.13,5.68,7.13,170.83,8.94
3347.0,UMIAM LAKE MIDDLE POINT,MEGHALAYA,21.58,6.98,7.17,100.83,7.44
3348.0,UMIAM LAKE NEAR UNITED CHRISTIAN COLLEGE,MEGHALAYA,21.88,7.13,7.29,90.75,7.17
1348.0,"WARD LAKE AT SHILONG EAST,KHASI HILL DT.",MEGHALAYA,19.25,7.53,7.19,171.67,7.11
1459.0,THADLASKEIN LAKE,MEGHALAYA,20.75,7.17,7.05,43.92,1.91
3349.0,TASEK LAKE AT SONGSAK,MEGHALAYA,25.42,7.65,7.41,54.75,1.42
1727.0,LAXMI NARAYAN BARI PALACE COMPOUND,TRIPURA,27.7,6.57,7.75,238.6,3.16
1728.0,"RUDRASAGAR, SONUMURA",TRIPURA,27.5,6.49,7.9,243.6,3.32
2437.0,CHILKA LAKE (RAMSAR SITE),ORISSA,29.17,7.46,7.98,28683.3,1.58
2438.0,ANSHUPA,ORISSA,28.0,8.14,8.0,162.36,1.63
2431.0,BINDUSAGAR ( RELIGIOUS POND OF BHUBANESWAR CITY),ORISSA,30.0,11.59,7.73,459.5,12.35
2432.0,NARENDRA POKHARI ( RILIGIOUS POND OF PURI CITY),ORISSA,28.25,11.43,8.54,998.0,7.03
2433.0,MARKANDA POKHARI ( RILIGIOUS POND OF PURI CITY),ORISSA,28.0,12.63,8.23,750.08,6.32
2434.0,INDRADYUMNA TANK ( RILIGIOUS POND OF PURI CITY),ORISSA,27.67,8.78,8.28,706.17,5.03
2435.0,SWETAGANGA ( RILIGIOUS POND OF PURI CITY),ORISSA,27.5,14.39,8.68,1254.25,11.5
2436.0,PARVATI SAGAR ( RILIGIOUS POND OF PURI CITY),ORISSA,26.92,9.95,8.04,687.67,8.03
1765.0,"RABINDRASAROVAR NATIONAL LAKE, CALCUTTA",WEST BENGAL,28.46,8.53,8.49,370.25,4.45
2503.0,HATISHALA GHAT ON DUDHPUKUR AT TARAKESHWAR,WEST BENGAL,28.83,9.55,8.0,764.92,9.33
2504.0,MAINH GHAT ON DUDHPUKUR AT TARAKESHWAR,WEST BENGAL,28.97,8.78,8.02,763.42,8.22
2505.0,HUNUMAN GHAT ON DUDHPUKUR AT TARAKESHWAR,WEST BENGAL,28.93,9.6,8.01,761.25,8.34
2519.0,KOCHBIHAR LAKE (SAGAR DIGHI),WEST BENGAL,28.0,8.43,7.66,53.1,4.8
2520.0,MIRIKH LAKE,WEST BENGAL,17.42,7.97,7.5,102.04,4.58
2521.0,WATER RESERVIOR AT DELO,WEST BENGAL,18.33,8.23,7.53,25.26,2.08
2522.0,SINCHAL LAKE FOR DARJEELING,WEST BENGAL,12.75,8.38,7.33,25.89,1.8
2539.0,BELBONI LAKE NEAR BARJORA,WEST BENGAL,26.0,7.7,7.56,182.67,2.43
2544.0,SAHEBBANDH AT PURULIA,WEST BENGAL,27.08,9.09,7.95,418.83,4.37
1291.0,GOBINDSAGAR LAKE AT BILASPUR,HIMACHAL PRADESH,15.38,9.03,8.24,194.46,0.33
1429.0,"RENUKA LAKE , 35 KM FROM PATNA SAHIB NORTH",HIMACHAL PRADESH,21.19,6.25,7.61,424.54,1.92
2649.0,RIWALSAR LAKE,HIMACHAL PRADESH,18.19,1.81,7.77,220.09,26.07
1382.0,HARIKE LAKE D/S FROM CANAL,PUNJAB,18.33,6.0,7.18,288.75,1.93
1364.0,RAMGARH LAKE,UTTAR PRADESH,23.2,8.34,8.3,648.0,5.16
2499.0,"SAMARPUR JHEEL, RAEBARELI",UTTAR PRADESH,24.2,5.75,8.37,512.2,4.38
1549.0,SALAULIM LAKE AT SALAULIM - SANGUEM,GOA,31.42,7.43,6.69,50.18,0.91
2269.0,"MAYEM LAKE, BICHOLIM",GOA,30.0,6.93,6.44,44.76,4.23
3176.0,RUMDER LAKE,GOA,30.0,5.25,6.51,90.13,2.27
3178.0,RAIA LAKE,GOA,30.67,5.08,6.59,74.22,1.93
3179.0,SAIPEM LAKE,GOA,29.17,2.85,6.83,298.25,6.82
3180.0,CURTORIM LAKE,GOA,30.67,4.08,6.64,106.9,7.93
1345.0,"AJWAH LAKE AT SRI SAYAJI SABVAR,BARODA",GUJARAT,26.0,7.3,8.6,279.0,1.3
1346.0,SURSAGAR LAKE AT BARODA,GUJARAT,26.0,2.6,7.42,2330.0,1.5
1972.0,"NALSAROVAR LAKE (SANAND), DIST.AHMEDABAD",GUJARAT,28.75,7.73,8.85,4065.0,14.0
1977.0,CITY LAKE OF NADIAD,GUJARAT,27.75,13.58,8.63,1614.75,6.35
2076.0,ANKLESHWAR RESERVOIR AT GIDC ANKLESHWAR AT VALIA ROAD.,GUJARAT,27.33,8.74,8.2,327.17,2.12
1373.0,UPPER LAKE AT BHOPAL (INTAKE POINT),MADHYA PRADESH,25.75,6.88,7.8,281.33,1.94
2137.0,UPPER LAKE AT YATCH CLUB,MADHYA PRADESH,26.86,8.21,8.02,331.11,2.94
2138.0,UPPER LAKE AT KARBALA CLUB,MADHYA PRADESH,24.88,7.46,7.79,299.2,2.99
2139.0,UPPER LAKE AT BAIRAGARH CLUB,MADHYA PRADESH,25.5,6.93,7.81,289.11,2.83
1374.0,LOWER LAKE AT BHOPAL OUTLET,MADHYA PRADESH,25.78,8.55,7.98,502.64,9.25
1466.0,MULTAI TANK LAKE AT VILLA. KHARI ON BETUL-AMRAVATI ROAD,MADHYA PRADESH,25.0,7.27,7.91,281.38,2.71
2128.0,KHANDARI RESERVOIR WATER OFF TAKE POINT,MADHYA PRADESH,23.25,6.83,7.49,389.27,1.63
2130.0,"MADHAV LAKE, SHIVPURI",MADHYA PRADESH,28.0,6.8,8.3,232.0,2.5
2131.0,YASHWANT SAGAR AT INDORE,MADHYA PRADESH,26.0,7.4,7.57,444.33,2.2
2132.0,BILAWALI TALAB AT INDORE,MADHYA PRADESH,23.0,6.95,7.05,591.5,2.0
2133.0,SIRPUR TALAB AT INDORE,MADHYA PRADESH,24.0,6.8,8.0,478.0,2.0
2134.0,NAGCHUN TALAB AT KHANDWA,MADHYA PRADESH,25.93,7.13,7.77,452.33,1.4
2135.0,GOVINDGARH TANK,MADHYA PRADESH,26.31,6.61,7.5,0.71,2.29
2136.0,"SHAHPURA LAKE AT WEIR NEAR AYUSHMAN HOSPITAL, BHOPAL",MADHYA PRADESH,26.0,7.97,7.93,627.46,5.14
2140.0,"KERWA DAM NEAR REST HOUSE, BPL",MADHYA PRADESH,25.63,6.97,7.82,317.78,2.71
2141.0,JANUNIA TALAB NEAR W/S,MADHYA PRADESH,23.88,7.37,7.89,445.22,2.92
3300.0,"RANITAL TALAB, JABALPUR",MADHYA PRADESH,22.63,7.65,7.76,503.13,3.59
3301.0,MOTI TALAB AT BALAGHAT,MADHYA PRADESH,22.75,7.34,7.73,406.38,2.4
3303.0,"RANI TALAB, REWA",MADHYA PRADESH,26.86,6.64,7.51,0.83,2.0
1285.0,PICHOLA LAKE AT UDAIPUR (WATER INTAKE POINT),RAJASTHAN,23.92,5.21,7.93,645.0,1.4
1286.0,UDAISAGAR LAKE AT UDAIPUR (INTAKE PT.),RAJASTHAN,23.83,4.98,8.31,1667.5,3.33
1414.0,PUSHKAR LAKE,RAJASTHAN,18.92,3.94,7.61,455.5,4.77
1481.0,FATEH SAGAR LAKE AT UDAIPUR INTAKE POINT OF PHED,RAJASTHAN,23.67,5.42,8.41,634.17,1.5
1714.0,KAYALANA JHEEL JODHPUR,RAJASTHAN,22.13,6.62,8.11,337.5,1.5
1716.0,"NAKKI LAKE, MT. ABU",RAJASTHAN,19.33,5.68,8.03,316.67,2.22
2935.0,"LAKE JET SAGAR, BUNDI",RAJASTHAN,25.33,4.86,7.57,521.67,1.81
2936.0,"JAISAMAND LAKE, ALWAR",RAJASTHAN,25.6,5.11,8.02,326.0,1.78
2941.0,"LAKE JAISAMAND, SALUMBER, UDAIPUR, POINT NO. 1",RAJASTHAN,22.67,6.43,8.35,621.67,1.39
2942.0,"LAKE JAISAMAND, SALUMBER, UDAIPUR, POINT NO. 2",RAJASTHAN,23.08,6.34,8.35,616.67,1.49
2937.0,"LAKE SILISERH, ALWAR",RAJASTHAN,25.29,5.06,7.91,362.5,1.35
2938.0,"LAKE RAJSAMAND, RAJSAMAND- POINT NO. 1, RAJSAMAND",RAJASTHAN,20.03,5.8,8.33,610.0,2.52
2939.0,"LAKE RAJSAMAND, RAJSAMAND- POINT NO. 2, RAJSAMAND",RAJASTHAN,20.17,5.88,7.94,596.67,2.4
2940.0,"GAPE- SAGAR LAKE, DUNGARPUR",RAJASTHAN,22.58,4.82,7.95,600.0,1.71
2943.0,"LODHA TALAB, BANSWARA- DUNGARPUR ROAD, BANSWARA",RAJASTHAN,26.79,4.43,7.65,916.5,2.25
2944.0,"JALMAHAL, JAIPUR",RAJASTHAN,25.54,3.8,8.53,2255.0,7.03
2651.0,"AMBA AT D/S OF WAKEN BRIDGE-U/S OF JS PETROCHEMICALS, WAKENPHATA, ROHA",MAHARASHTRA,28.5,6.88,7.68,99.1,3.25
1461.0,BHATSA AT D/S OF PISE DAM NEAR PISE VILLAGE (ULHAS),MAHARASHTRA,29.67,6.61,7.92,123.19,3.22
2653.0,"BHATSA AT D/S OF LIBERTY OIL MILLS, SATNEL, SHAHAPUR,THANE",MAHARASHTRA,26.67,6.57,7.67,220.42,3.58
2654.0,"BHATSA AT U/S OF LIBERTY OIL MILLS, SATNEL, SHAHAPUR, THANE",MAHARASHTRA,26.92,6.79,7.68,218.73,3.4
1092.0,KALU AT ATALE VILLAGE,MAHARASHTRA,27.17,4.84,7.19,5428.68,8.39
2670.0,"KAN RIVER, NEAR SAKRI WATER WORKS, SAKRI, DHULE.",MAHARASHTRA,22.57,6.36,7.95,493.44,4.21
1152.0,KUNDALIKA AT ROHA CITY,MAHARASHTRA,28.92,6.84,7.56,100.12,2.97
2198.0,KUNDALIKA RIVER AT ARE KHURD ( SALINE ZONE ),MAHARASHTRA,28.92,6.68,7.47,316.4,4.55
2671.0,"KUNDALIKA RIVER NEAR SALAV BRIDGE (SALINA ZONE), SALAV, ROHA, RAIGAD",MAHARASHTRA,28.25,5.76,7.87,37226.7,9.47
2672.0,"KUNDALIKA AT DHATAV AT JACKWELL (DRINKING WATER  PUMPING STATION-SWEET ZONE), ROHA",MAHARASHTRA,28.82,6.9,7.66,84.21,3.06
2168.0,MITHI RIVER,MAHARASHTRA,25.36,4.88,7.6,21254.0,55.55
2676.0,"MUCHKUNDI RIVER AT  WAKED, NEAR M/S ASAHI INDIA GLASS LTD., LANJA, RATNAGIRI.",MAHARASHTRA,28.25,6.92,7.91,311.65,2.68
1151.0,PATALGANGA AT SHILPHATA,MAHARASHTRA,29.0,6.8,7.48,145.86,3.04
1462.0,PATALGANGA NEAR INTAKE OF MIDC W/W,MAHARASHTRA,29.0,6.74,7.34,126.86,2.91
2685.0,"PATALGANGA RIVER AT D/S OF KHARPADA BRIDGE, RAIGAD.",MAHARASHTRA,29.18,5.64,6.89,432.39,4.48
2686.0,"PATALGANGA RIVER AT VYAL PUMP HOUSE , KHALAPUR, RAIGAD.",MAHARASHTRA,29.18,6.52,7.34,125.96,3.02
2687.0,"PATALGANGA RIVER AT KHALAPUR PUMPING STATION, KHALAPUR, RAIGAD.",MAHARASHTRA,29.6,7.14,7.47,128.31,2.98
2688.0,"PATALGANGA RIVER AT SAVROLI BRIDGE, KHALAPUR, RAIGAD.",MAHARASHTRA,29.6,6.43,7.34,129.08,3.06
2689.0,"PATALGANGA RIVER AT GAGANGIRI MAHARAJ TEMPLE, KHOPOLI, RAIGAD.",MAHARASHTRA,29.1,6.88,7.66,129.42,2.94
2696.0,"PEHLAR DAM ON PEHLAR RIVER INLET OF WATER WORKS, VASAI, THANE.",MAHARASHTRA,25.25,6.97,7.94,152.77,2.88
2199.0,SAVITRI RIVER AT OVALE VILLAGE.,MAHARASHTRA,30.08,6.39,7.57,10164.8,3.67
2701.0,"SAVITRI RIVER JACKWELL AT UPSA KENDRE, NANGALWADI, MAHAD, RAIGAD",MAHARASHTRA,30.31,6.9,7.7,307.13,2.8
2702.0,"SAVITRI RIVER AT SHEDAV DOH, MAHAD,RAIGAD",MAHARASHTRA,30.58,6.29,7.65,322.33,3.48
2703.0,"SAVITRI RIVER AT DADLI BRIDGE, DADLI, MAHAD, RAIGADH",MAHARASHTRA,30.25,6.54,7.52,5835.17,3.37
2704.0,"SAVITRI RIVER AT MUTHAVALI VILLAGE, MAHAD, RAIGADH",MAHARASHTRA,30.25,6.28,7.43,9244.58,4.65
2706.0,"SURYA RIVER, U/S OF SURYA DAM, DHAMMI, VIKRAMGAD, THANE",MAHARASHTRA,27.82,6.46,8.12,1906.86,4.0
2707.0,"SURYA RIVER AT MIDC PUMPING STATION, GARVASHET, PALGHAR, THANE",MAHARASHTRA,27.64,6.99,8.02,1895.56,3.55
2708.0,"SURYA RIVER AT INTAKE OF VASAI-VIRAR W/S SCHEME, MASVAN, PALGHAR, THANE",MAHARASHTRA,27.7,7.03,8.0,205.56,2.92
2709.0,"TANSA RIVER NEAR ROAD BRIDGE, VILLAGE DAKEWALI, WADA, THANE",MAHARASHTRA,27.17,6.82,7.78,239.27,3.33
1093.0,ULHAS AT U/S OF NRC BUND AT MOHANE,MAHARASHTRA,26.8,6.42,7.55,152.35,3.16
1094.0,ULHAS AT U/S OF BADLAPUR,MAHARASHTRA,26.31,6.69,7.68,146.19,2.97
2162.0,ULHAS ATJAMBHUL WATER WORKS.,MAHARASHTRA,26.58,6.73,7.63,136.65,2.88
2712.0,"VAITARNA RIVER NEAR ROAD BRIDGE, GANDHARE VILLAGE, WADA, THANE.",MAHARASHTRA,27.58,6.57,7.84,228.07,3.45
2164.0,VASHISTI RIVER AT U/S OF THREE M PAPER MILLS NEAR M/S MULTIFILMS PLASTIC PVT. LTD. AT KHERDI.,MAHARASHTRA,22.58,7.05,7.71,409.15,2.37
2713.0,"VASHISHTI RIVER AT D/S OF THREE M PAPER MILLS NEAR CHIPLUN WATER INTAKE JACKWELL, KHERDI, RATNAGIRI",MAHARASHTRA,22.42,6.76,7.57,262.77,2.87
2714.0,"VASHISHTI RIVER AT U/S OF POPHALI NEAR KONPHANSAWANE BRIDGE, CHIPLUN, RATNAGIRI",MAHARASHTRA,22.58,6.95,7.47,337.89,2.32
3383.0,"BUGI RIVER AT MIBANPARA, SOUTH GARO HILLS",MEGHALAYA,24.79,7.65,7.17,94.67,1.83
3384.0,"BUGI AT DALU, SOUTH GARO HILLS",MEGHALAYA,24.58,7.56,7.24,91.92,2.52
3380.0,"DAMRING RIVER (KRISHNEI RIVER) AT RESUBELPARA, EAST GARO HILLS",MEGHALAYA,25.42,9.88,7.23,65.08,1.49
1632.0,GANOL RIVER TURA,MEGHALAYA,23.54,7.61,7.38,92.75,2.08
1428.0,"KYRHUKHLA NEAR SUTNGA KHLIERIAT,JAINTIA HILLS DT.",MEGHALAYA,22.33,5.51,2.91,568.33,6.81
3369.0,"KYNSHI RIVER AT SOHIONG, WEST KHASI HILLS",MEGHALAYA,16.43,7.61,6.98,41.92,1.27
3370.0,"KYNSHI RIVER AT NANGKHNUM, WEST KHASI HILLS",MEGHALAYA,17.33,7.74,7.08,45.33,1.38
3371.0,"KYNSHI RIVER AT RANIKOR, WEST KHASI HILLS",MEGHALAYA,23.08,8.25,6.98,59.42,1.71
3375.0,LUKHA RIVER AT MYNDIHATI (TRIBUTARY OF LUNAR),MEGHALAYA,24.58,6.89,2.58,1072.42,3.22
3376.0,LUKHA RIVER AT SUNAPUR (TRIBUTARY OF LUNAR),MEGHALAYA,24.63,7.71,6.28,249.83,2.11
3381.0,"MANDA RIVER (DUDHAI RIVER) AT JAMPA, EAST GARO HILLS",MEGHALAYA,25.0,8.78,7.25,37.17,1.45
3382.0,"MANDA RIVER (DUDHAI RIVER) AT WAGAISI, EAST GARO HILLS",MEGHALAYA,25.42,7.29,7.31,72.33,1.95
3377.0,"MYNTANG RIVER AT NARTIANG, JAYANTIA HILLS",MEGHALAYA,20.33,7.52,7.02,37.67,1.73
3378.0,"MYNTANG RIVER AT MYNSO, JAYANTIA HILLS",MEGHALAYA,21.67,7.77,7.13,43.92,1.64
1631.0,MYNTDU RIVER JOWAI,MEGHALAYA,20.13,7.02,6.96,100.42,2.43
3379.0,"MYNTDU RIVER AT LESHKA, JAYANTIA HILLS",MEGHALAYA,21.33,7.46,6.29,51.93,1.71
3367.0,"NONBAH RIVER AT NANGSTOIN MARKE, WEST KHASI HILLS",MEGHALAYA,16.17,6.36,6.94,60.67,2.63
3368.0,"NONBAH RIVER AT NANGSTOIN MARKE, WEST KHASI HILLS",MEGHALAYA,16.58,7.54,7.13,39.17,1.36
3372.0,"RILANG RIVER AT MAWKYRWAT, WEST KHASI HILLS",MEGHALAYA,17.42,8.01,7.06,41.17,1.38
1633.0,SIMSANG RIVER WILLIAMNAGAR,MEGHALAYA,24.46,7.9,7.26,93.33,1.69
3353.0,"UMIAM MAWPHLANG RIVER AT NONGKREM, EAST KHASI HILLS",MEGHALAYA,17.75,7.52,6.91,68.58,1.88
3354.0,"UMIAM MAWPHLANG RIVER AT UMTYNGNGAR, EAST KHASI HILLS",MEGHALAYA,17.88,7.93,7.17,46.17,1.68
3355.0,"UMIAM MAWPHLANG RIVER AT MAWPHLANG, EAST KHASI HILLS",MEGHALAYA,18.08,7.95,7.23,41.5,1.44
3356.0,"UMIAM MAWPHLANG RIVER AT SHELLA, EAST KHASI HILLS",MEGHALAYA,24.67,7.68,7.11,100.5,1.49
3350.0,UMKHEN AT WAHKDAIT,MEGHALAYA,19.08,7.23,7.08,48.75,1.57
3351.0,UMKHEN AT KSEHPONGDENG,MEGHALAYA,20.63,8.22,7.08,48.5,1.21
3352.0,"UMKHEN RIVER AT DIENGPASOH, EAST KHASI HILLS",MEGHALAYA,21.33,7.8,7.07,57.58,1.45
3359.0,"UMKHRAH RIVER AT DEMTHRING, SHILLONG",MEGHALAYA,17.71,3.85,7.08,234.67,16.9
3360.0,"UMKHRAH RIVER ATUMKALIAR, SHILLONG",MEGHALAYA,18.38,4.92,7.05,182.0,14.2
3361.0,"UMKHRAH RIVER ATMAWLAI, SLAUGHTER",MEGHALAYA,19.38,2.72,7.09,280.67,35.43
3362.0,"UMKHRAH RIVER AT MAWPDANG, MAWLAI",MEGHALAYA,19.25,2.49,7.05,382.33,37.23
3357.0,"UMNGOT RIVER AT SMIT, EAST KHASI HILLS",MEGHALAYA,18.08,7.99,6.97,48.17,1.35
3358.0,"UMNGOT RIVER AT DAWKI, EAST KHASI HILLS",MEGHALAYA,23.54,8.36,7.1,48.25,1.24
3363.0,"UMSHYRPI RIVER AT RISA COLONY, EAST KHASI HILLS",MEGHALAYA,17.08,6.78,6.63,48.5,1.9
3364.0,"UMSHYRPI AT LAW COLLEGE, DHANKETI, EAST KHASI HILLS",MEGHALAYA,18.33,2.07,7.04,285.75,45.58
3365.0,"UMSHYRPI AT UMSHYRPI BRIDGE, EAST KHASI HILLS",MEGHALAYA,19.0,3.97,7.13,194.08,22.37
1427.0,UMTREW AT BYRNIHAT EAST,MEGHALAYA,23.67,7.67,7.16,106.75,6.63
3366.0,"UMTREW RIVER AT UMRAN, RI- BHOI",MEGHALAYA,22.33,7.56,7.08,50.92,2.01
3373.0,"WAH BLEI AT RIANGDO, WEST KHASI HILLS",MEGHALAYA,19.75,7.71,7.12,45.78,1.57
3374.0,"WAH BLEI AT SHDADDKHAR, WEST KHASI HILLS",MEGHALAYA,20.25,7.69,7.13,49.25,1.9
2050.0,TLAWNG UPSTREAM AIZAWL,MIZORAM,23.58,6.54,7.38,297.18,0.96
2051.0,TLAWNG DOWNSTREAM AIZAWL,MIZORAM,23.58,6.33,7.48,287.23,0.91
2052.0,TUIRIAL UPPER CATCHMENT,MIZORAM,23.58,6.5,7.15,375.21,1.13
2053.0,TUIRIAL LOWER CATCHMENT,MIZORAM,23.58,6.93,6.93,349.28,1.13
1404.0,GUMTI AT D/S SOUTH TRIPURA,TRIPURA,28.4,6.41,7.99,155.2,3.9
1726.0,"CHANDRAPUR, AGARTALA D/S OF HAORA RIVER",TRIPURA,27.4,6.48,7.97,168.2,4.2
1241.0,NARMADA AT MANDLA NEAR ROAD BDG,MADHYA PRADESH,23.91,7.38,7.42,349.09,2.35
44.0,NARMADA AT SETHANIGHAT,MADHYA PRADESH,25.75,7.86,7.97,456.27,1.73
1234.0,NARMADA AT HOSHANGABAD U S,MADHYA PRADESH,26.71,7.64,8.06,301.0,1.89
2123.0,NARMADA AT KORIGHAT HOSHANGABAD,MADHYA PRADESH,25.88,7.45,7.76,332.58,1.74
1235.0,NARMADA AT HOSHANGABAD D S,MADHYA PRADESH,24.0,8.02,8.14,293.0,1.91
45.0,NARMADA AT MANDLESHWAR,MADHYA PRADESH,22.5,8.2,7.7,284.0,1.6
1239.0,NARMADA AT BADWANI,MADHYA PRADESH,25.25,8.25,7.7,314.0,1.65
1430.0,NARMADA AT D S OMKARESHWAR,MADHYA PRADESH,22.75,7.95,7.65,288.5,1.2
1431.0,NARMADA AT MAHESHWAR,MADHYA PRADESH,25.17,7.8,7.83,311.0,1.37
2099.0,"NARMADA LALPUR, JABALPUR",MADHYA PRADESH,22.73,7.33,7.33,363.27,1.76
2112.0,"RIVER NARMADA NEAR MORTAKKA BRIDGE, BADWAH",MADHYA PRADESH,24.4,7.97,7.27,312.0,1.07
2113.0,"RIVER NARMADA NEAR PUNASA DAM, PUNASA",MADHYA PRADESH,25.5,7.8,7.65,327.0,1.1
3322.0,"NARMADA AT MANDLA, NEAR SHAMSHANGHAT, JABALPUR",MADHYA PRADESH,24.63,7.33,7.38,353.13,1.54
7.0,NARMADA AT GARUDESHWAR,GUJARAT,26.67,7.47,8.21,356.58,2.03
1243.0,"NARMADA AT BHARUCH, ZADESHVAR",GUJARAT,29.67,7.7,8.32,443.89,1.49
1244.0,NARMADA AT PANETHA,GUJARAT,27.17,7.03,8.15,359.17,1.78
1245.0,NARMADA AT CHANDOD,GUJARAT,24.67,7.55,8.48,279.0,1.53
1981.0,"NARMADA AT ZANOR (NTPC), BHARUCH",GUJARAT,30.0,8.03,8.26,279.0,1.07
1236.0,CHOTA TAWA BEFORE CONFL. WITH RIVER NARMADA,MADHYA PRADESH,26.17,6.97,7.37,244.0,1.93
2114.0,KUNDA AT KHARGONE,MADHYA PRADESH,23.0,6.4,7.7,946.0,4.2
1255.0,"PENNAR B/C WITH CHITRAVATHI, TADPATRI, UNGANOORP.",ANDHRA PRADESH,26.0,6.27,8.0,533.33,2.53
1256.0,"PENNAR AFTER CONF. WITH PAPAGNI,PUSPAGINI",ANDHRA PRADESH,28.95,6.41,8.02,378.0,2.27
1257.0,"PENNAR AFTER CONF. WITH CHEYYURU,SOMASILE",ANDHRA PRADESH,28.55,5.98,7.97,947.91,0.54
30.0,"PENNAR AT SIDDVATA, NELLORE",ANDHRA PRADESH,28.8,6.41,8.01,375.0,2.41
1097.0,"RAVI AT U/S OF MADHOPUR HEADWORKS, GURDASPUR",PUNJAB,17.5,7.78,7.2,207.5,0.23
1290.0,PARVATI BEFORE CONF. TO BEAS,HIMACHAL PRADESH,7.96,8.76,7.71,77.85,0.33
2605.0,PARVATI AT U/S MANIKARAN,HIMACHAL PRADESH,6.5,9.02,7.55,61.77,0.11
2606.0,PARVATI AT D/S MANIKARAN,HIMACHAL PRADESH,6.68,8.82,7.62,65.31,0.11
1090.0,LARGI AT D/S,HIMACHAL PRADESH,9.59,8.73,7.83,104.46,0.12
1551.0,SIRSA AT U/S SITOMAJRI NALLAHGARH,HIMACHAL PRADESH,22.7,8.18,7.84,430.31,1.51
1552.0,SIRSA AT D/S NALAGARH BRIDGE,HIMACHAL PRADESH,24.24,6.64,7.89,786.69,2.72
1868.0,"SIRSA AT D/S NALAGARH, SOLAN",HIMACHAL PRADESH,24.44,6.58,7.9,794.41,2.06
2607.0,SUKETI KHAD AT D/S MANDI,HIMACHAL PRADESH,19.08,8.48,8.26,276.46,0.62
2610.0,SPITI AT KHAB,HIMACHAL PRADESH,5.63,9.21,8.06,193.23,0.11
2612.0,BASPA AT U/S RESERVOIR BASPA PROJECT,HIMACHAL PRADESH,6.42,8.95,8.05,183.69,0.11
1482.0,"SABARMATI AT MAHUDI JAIN TEMPLE, 150 KM. FORM ORIGIN",GUJARAT,27.86,7.16,8.27,402.14,1.86
1222.0,SHEDHI AT KHEDA,GUJARAT,28.25,5.3,8.2,1984.5,6.55
1867.0,"SATLUJ B/C WITH RIVER SPITI AT KHAB, DISTT.KINNAUR",HIMACHAL PRADESH,6.0,9.27,8.3,292.46,0.15
2611.0,SATLUJ AT KHAB,HIMACHAL PRADESH,5.96,9.28,8.28,270.54,0.11
1389.0,SATLUJ AT NEPTHA ZAKHAI,HIMACHAL PRADESH,7.76,8.79,8.2,224.92,0.19
1086.0,SATLUJ AT U/S RAMPUR,HIMACHAL PRADESH,8.43,8.85,8.25,236.54,0.11
1087.0,SATLUJ AT D/S RAMPUR,HIMACHAL PRADESH,8.4,8.82,8.32,254.0,0.19
1013.0,SATLUJ AT U/S TATAPANI,HIMACHAL PRADESH,9.28,8.91,8.2,291.69,0.39
1014.0,SATLUJ AT U/S SLAPPER,HIMACHAL PRADESH,13.27,9.59,8.2,221.0,0.15
1015.0,SATLUJ AT D/S SLAPPER,HIMACHAL PRADESH,12.08,9.88,8.25,197.46,0.12
1017.0,"SATLUJ AT 100M U/S OF HEADWORKS, NANGAL",PUNJAB,19.33,7.88,7.25,239.75,0.66
1018.0,"SATLUJ AT 100M D/S ,NANGAL",PUNJAB,20.0,7.58,7.75,272.75,2.03
1293.0,SATLUJ AT 1 KM. D/S OF ZENITH,PUNJAB,22.0,6.53,7.8,582.0,13.88
1814.0,SATLUJ AT D/S KIRATPUR SAHIB,PUNJAB,22.0,7.38,7.4,265.25,1.01
1019.0,SATLUJ AT U/S HEAD WORKS ROPAR,PUNJAB,21.33,7.28,7.48,346.25,2.8
1380.0,"SATLUJ AT D/S NFL, PUNJAB",PUNJAB,19.67,7.35,7.8,315.5,1.8
1690.0,SATLUJ AT U/S BUDHA NALLAH (UPPER),PUNJAB,20.0,7.0,7.38,329.0,1.8
1020.0,"SATLUJ AT 100M D/S BUDHA NALA CONFL.,LUDHIANA",PUNJAB,21.67,4.2,7.2,496.5,18.0
1021.0,"SATLUJ AT BOAT BDG. DHARM- KOTNAKODAR RD, JALANDHAR",PUNJAB,102.33,6.25,7.25,370.0,2.2
1381.0,SATLUJ AT D/S EAST BEIN,PUNJAB,19.0,4.38,7.18,496.5,4.75
1691.0,SATLUJ AT U/S HUSSANIWALA - H/W FEROZEPUR,PUNJAB,18.67,7.0,7.25,274.75,2.05
1692.0,SATLUJ AT D/S HUSSANIWALA-H/W FEROZEPUR,PUNJAB,19.0,6.9,7.25,285.75,2.1
1022.0,"SATLUJ AT BRIDGE HARIKE, AMRITSAR",PUNJAB,23.0,4.93,7.3,430.0,2.7
1267.0,IB AT SUNDARGARH,ORISSA,29.42,7.87,7.71,144.33,1.51
1268.0,IB AT JHARSUGUDA (INTAKE),ORISSA,29.42,7.68,7.84,146.92,1.44
1300.0,IB AT  RAJ NAGAR U/S,ORISSA,29.42,7.99,7.6,154.42,1.26
1269.0,IB AT BRAJRAJNAGAR D/S,ORISSA,29.25,7.74,7.78,163.42,1.63
2403.0,BHEDEN RIVER B/C WITH IB RIVER,ORISSA,26.92,7.94,7.84,252.17,1.69
1279.0,KUAKHAI AT BHUBANESWAR U/S,ORISSA,29.67,6.78,7.91,195.33,2.38
1280.0,KUAKHAI AT BHUBANESWAR D/S,ORISSA,29.42,6.48,7.82,244.25,4.29
2410.0,DAYA AT BHUBANESWAR FU/S,ORISSA,29.58,7.86,7.93,186.17,1.6
2411.0,DAYA AT BHUBANESWAR FD/S ( 2 KM A/C OF GANGUA NALLAH WITH RIVER DAYA),ORISSA,29.75,6.54,7.66,238.08,3.09
1301.0,KATHAJODI AT CUTTACK D/S,ORISSA,29.0,7.21,7.99,218.25,3.35
2412.0,SANKHA U/S(D/S MANDIRA DAM),ORISSA,26.83,7.73,7.81,146.92,1.46
2408.0,TEL,ORISSA,29.25,7.78,8.03,194.83,1.58
1640.0,BIRUPA AT CHOUDWAR,ORISSA,29.27,8.69,8.05,194.83,1.57
1261.0,SUBANSIRI AT GEREKAMUKH (B/C WITH BRAH.),ASSAM,20.75,9.3,6.75,69.5,0.93
2061.0,KHARSANG B/C/ WITH BURIDIHING NEAR KHARSANG (ASSAM-ARUNANCHAL BORDER),ASSAM,20.5,6.2,6.85,178.5,2.23
1422.0,BURHIDIHING AT MARGHERITA,ASSAM,22.25,6.63,7.18,185.5,2.58
2062.0,"BURIDIHING NEAR DULIAJAN AT D/S, TINSUKIA",ASSAM,22.75,6.3,7.18,166.75,3.7
2230.0,BURHIDIHING AT DULIAJAN (INTAKE POINT OF OIL INDIA LTD.),ASSAM,22.75,6.53,7.15,168.25,2.55
2065.0,"PAGLDIA NEAR NALBARI TOWN, DIST. NALBARI",ASSAM,27.5,7.75,7.53,221.5,2.03
1530.0,"DIGBOI RIVER AT LAKHIPATHE, RESERVE FOREST, DIGBOI",ASSAM,22.25,7.58,6.85,223.75,3.68
2063.0,"JAI BHARALI NR BISWANATH CHARALI, SONITPUR",ASSAM,23.25,8.78,6.98,68.25,1.35
2237.0,"KALONG RIVER AT U/S OF ANANDARAM DEKIAL PHUKAN BRIDGE, NAGAON",ASSAM,24.0,6.8,6.97,189.33,2.17
2059.0,KOLONG RIVER AT MARIGAON,ASSAM,28.25,6.9,7.28,87.75,1.63
2060.0,"MANAS RIVER AT NH-31 CROSSING, BARPETA",ASSAM,24.0,6.53,7.63,285.0,2.0
2058.0,"DISANG RIVER AT DILLIGHAT, DIBRUGARH",ASSAM,22.0,6.0,6.3,124.0,2.03
1298.0,DISANG AT GUNDAMGHAT,ASSAM,23.25,5.65,6.98,126.75,2.03
1258.0,JHANJI AT N.H. CROSSING JORHAT,ASSAM,24.25,5.9,7.18,107.75,1.75
1527.0,BHOGDOI RIVER AT JORHAT,ASSAM,24.5,5.38,7.18,119.5,1.9
1531.0,*MORA BHARALI  AT TEZPUR,ASSAM,23.5,6.98,7.05,138.0,1.98
1423.0,BORAK AT PANCHAGRAM,ASSAM,15.75,7.0,6.93,98.75,1.93
1528.0,BHARALU RIVER AT GUWAHATI,ASSAM,24.5,0.13,7.08,698.25,37.25
1529.0,DEEPAR BILL,ASSAM,25.75,5.93,7.05,171.5,3.35
2068.0,"U/S OF KATHAKAL AT MATIJURI, HAILAKANDI",ASSAM,15.63,6.88,7.03,113.75,2.33
1641.0,SUBARNAREKHA AT RAJGHAT NEAR BIHAR BORDER,ORISSA,22.67,7.67,8.02,234.25,1.32
1064.0,"RAMGANGA AT KANNAUJ (BEFORE CONF.),U.P",UTTAR PRADESH,24.75,7.73,8.07,175.05,5.66
1065.0,KALINADI AT KANNAUJ (B/C),UTTAR PRADESH,24.79,7.19,7.91,172.25,6.38
2483.0,VARUNA B/C WITH RIVER GANGA AT VARANASI,UTTAR PRADESH,25.47,4.8,8.52,360.92,14.93
1361.0,SAI AT UNNAO AFTER DRAIN OUTFALL,UTTAR PRADESH,24.75,7.91,7.99,450.28,2.82
1350.0,GOMTI AT SITAPUR U/S AT WATER INTAKE,UTTAR PRADESH,26.2,7.88,7.89,391.94,2.56
1351.0,GOMTI AT LUCKNOW U/S AT WATER INTAKE POINT,UTTAR PRADESH,28.18,7.25,7.94,427.39,3.17
1352.0,GOMTI AT LUCKNOW D/S,UTTAR PRADESH,27.28,2.67,7.53,516.64,8.99
2491.0,"RAPTI AT RAJGHAT, GORAKHPUR",UTTAR PRADESH,22.83,7.48,8.1,421.27,3.29
1363.0,"RAPTI A/C OF R. HONIN NR. DOMIN- GARH RLY BDG, GORAKHPUR, U.P.",UTTAR PRADESH,22.33,7.63,8.13,388.17,2.85
1354.0,SARYU AT AYODHYA AT MAIN BATHING GHAT,UTTAR PRADESH,19.0,8.98,7.64,197.08,2.56
1355.0,GHAGHARA AT DEORIA D/S,UTTAR PRADESH,23.33,7.65,8.14,457.64,2.93
2492.0,"GHAGHRA AT BARHALGANJ, GORAKHPUR",UTTAR PRADESH,22.83,7.63,8.12,475.82,3.09
1359.0,RIHAND AT RENUKUT U/S,UTTAR PRADESH,24.44,7.15,7.76,225.25,1.47
1360.0,RIHAND AT RENUKUT D/S,UTTAR PRADESH,24.52,7.43,7.83,195.42,1.58
1313.0,TAPI AT AJNAND VILLAGE,MAHARASHTRA,36.55,5.73,7.57,564.16,5.55
1251.0,TAPI AT BHUSAWAL US,MAHARASHTRA,35.45,5.82,7.54,492.06,4.91
1314.0,TAPI AT UPHAD VILLAGE,MAHARASHTRA,23.3,5.56,7.61,444.68,5.3
9.0,TAPI AT NEPANAGAR,MADHYA PRADESH,25.33,7.47,7.93,493.0,1.03
10.0,TAPI AT BURHANPUR,MADHYA PRADESH,26.17,7.13,7.9,719.0,2.97
1250.0,TAPI AT HATHNUR,MADHYA PRADESH,25.0,7.2,7.65,657.0,1.4
2115.0,RIVER TAPTI AT NEPA NAGAR 100 METRE D/S  AFTER MIXING PANDHAR NALLA,MADHYA PRADESH,22.5,6.95,7.9,557.0,1.95
1253.0,GIRNA AT MALEGAON (MANMAD),MAHARASHTRA,27.0,4.8,7.6,241.15,6.0
1252.0,GIRNA AT JALGAON,MAHARASHTRA,34.15,5.84,7.46,979.84,4.15
1907.0,RANGAVALI D/S OF NAVAPUR,MAHARASHTRA,23.11,5.78,7.81,585.07,5.05
2127.0,"DENWA NEAR SARNI, RD BDG",MADHYA PRADESH,25.5,7.74,8.05,470.83,3.68
2155.0,"PURNA RIVER A/C OF MORNA, NANDURA VILLAGE",MAHARASHTRA,21.0,5.0,8.0,704.0,11.0
2652.0,"AMRAVATI RIVER D/S OF DONDAICHA, DHULE",MAHARASHTRA,22.5,5.24,7.82,511.8,5.81
2658.0,"BORI D/S OF AMALNER, JALGAON",MAHARASHTRA,34.88,6.38,7.78,811.0,3.55
2659.0,"BURAI RIVER BEFORE CONFLUECE TO TAPI RIVER, MUKUDAS, DHULE",MAHARASHTRA,21.6,5.45,7.58,259.17,4.92
2666.0,"GOMAI RIVER, D/S. OF SHAHADA, DHULE.",MAHARASHTRA,22.42,5.04,7.68,255.61,5.71
2667.0,"HIWARA RIVER, D/S OF PACHORA., JALGAON",MAHARASHTRA,33.47,6.03,7.66,816.0,3.83
2674.0,"MOR RIVER, NEAR PADALSHE VILLAGE, JALGAON.",MAHARASHTRA,33.53,6.4,8.02,801.0,3.5
2675.0,MORNA RIVER AT D/S OF RAILWAY BRIDGE AT AKOLA.,MAHARASHTRA,22.0,3.84,8.21,855.8,17.56
2684.0,"PANZARA RIVER, NEAR PANZARAKAN SSK LTD., DHULE.",MAHARASHTRA,22.43,5.79,7.9,537.17,4.43
2695.0,"PEDHI RIVER NEAR ROAD BRIDGE AT DADHI-PEDHI VILLAGE, BHATKULI, AMRAVATI",MAHARASHTRA,22.08,4.52,8.34,1387.17,9.42
2710.0,"TITUR RIVER, D/S OF CHALISGAON, JALGOAN.",MAHARASHTRA,33.67,6.37,8.1,3123.67,3.83
2718.0,"WAGHUR RIVER, AT- SAKEGAON BEFORE, CONFLUENCE WITH TAPI RIVER, JALGAON.",MAHARASHTRA,34.13,6.33,8.09,907.33,3.67
1947.0,TEESTA AT SILIGURI,WEST BENGAL,18.08,7.81,7.51,91.21,2.26
2229.0,"KUNDLI RIVER AT KUNDLI/ SAPAKHOWA, SADIA.",ASSAM,20.25,6.7,7.03,126.25,1.93
2231.0,DIKHOW RIVER AT DIKHOW BRIDGE SIVASAGAR,ASSAM,23.0,5.75,7.1,165.75,1.5
2232.0,"KOHORA RIVER AT N.H. CROSSING, KOHORA",ASSAM,31.75,6.9,6.93,83.5,1.4
2233.0,"BOGINADI NEAR BRIDGE NH-52, LAKHIMPUR",ASSAM,22.0,8.38,7.13,76.25,1.63
2234.0,RANGA NADI D/S OF HYDEL PROJECT,ASSAM,22.5,8.25,6.8,92.5,1.73
2236.0,"KAPILI RIVER AT DHARMTUL BRIDGE, NH-31, NAGAON",ASSAM,25.67,6.7,6.83,72.67,2.67
2238.0,BEKI RIVER AT NH-37 CROSSING AT BARPETA ROAD,ASSAM,23.0,6.7,7.35,130.5,1.55
2239.0,"SANKOSH RIVER, DHUBRI",ASSAM,26.25,6.68,7.28,71.75,2.23
2240.0,BARAK RIVER AT D/S OF SILCHAR,ASSAM,14.38,6.5,7.0,82.75,2.9
2241.0,SONAI RIVER AT SONAI,ASSAM,14.58,6.55,7.13,86.75,1.85
2242.0,KUSHIARA RIVER AT KARIMGANJ,ASSAM,15.5,6.8,7.23,95.75,1.25
2523.0,"KAROLA, D/S OF JALPAIGURI, NEAR MIN BHAWAN",WEST BENGAL,26.0,7.47,7.53,84.04,2.31
2524.0,"KALJANI D/S OF ALIPURDWAR, MUNICIPALITY DISCHARGE POINT",WEST BENGAL,26.58,7.27,7.59,131.83,2.69
2235.0,"PANCHNAI RIVER AT NH-52 CROSSING, ORANG",ASSAM,21.25,8.43,7.23,102.5,1.73
1510.0,"TONS RIVER, H.P",HIMACHAL PRADESH,12.13,9.11,7.33,69.89,0.34
2620.0,ASHWANI AT U/S YASHWANT NAGAR,HIMACHAL PRADESH,20.72,8.93,8.47,322.47,0.66
2626.0,BATTA AT U/S PAONTA,HIMACHAL PRADESH,20.27,7.71,7.59,294.08,1.28
2627.0,BATTA B/C TO YAMUNA,HIMACHAL PRADESH,20.81,7.52,7.47,302.08,1.26
2621.0,GIRI AT D/S YASHWANT NAGAR,HIMACHAL PRADESH,20.3,9.05,7.98,204.27,0.54
2622.0,GIRI AT U/S CCI MINES,HIMACHAL PRADESH,19.27,7.52,6.92,423.31,1.25
2623.0,GIRI D/S SATAUN,HIMACHAL PRADESH,18.42,7.46,7.47,487.62,1.31
2617.0,PABBAR AT U/S DHAMBARI,HIMACHAL PRADESH,10.44,9.59,7.27,71.0,0.22
2618.0,PABBAR AT U/S ROHRU,HIMACHAL PRADESH,12.06,9.1,7.27,67.78,0.32
2619.0,PABBAR AT D/S SWARAKUDDU,HIMACHAL PRADESH,11.81,9.13,7.48,76.52,0.33
1143.0,TONS AT CHAKGHAT,MADHYA PRADESH,24.49,6.74,7.56,1.24,2.56
2119.0,"BETWA AT NAYAPUR D/S MANDIDEEP INDL. AREA NO.1, DIST.RAISEN",MADHYA PRADESH,27.43,6.25,7.08,2802.0,22.9
2121.0,"BETWA NEAR ROAD BRIDGE, BHOJPUR",MADHYA PRADESH,24.0,8.36,7.69,1017.11,3.08
2122.0,BETWA NEAR W/S INTAKE WELL POINT RAISEN,MADHYA PRADESH,22.67,6.78,7.67,418.11,1.43
1614.0,"BETWA NEAR INTAKE POINT, VIDISHA",MADHYA PRADESH,25.63,7.78,7.89,400.67,1.88
2124.0,"BETWA AT CHARANTIRGHAT, VIDISHA",MADHYA PRADESH,25.63,6.98,7.83,565.25,2.37
2125.0,BETWA D/S AFTER MIXING OF RIVER BAIS AT VIDISHA,MADHYA PRADESH,25.63,7.01,7.77,484.04,3.04
2120.0,"RIVER KALIASOT NEAR ROAD BRIDGE, MANDIDEEP",MADHYA PRADESH,25.0,7.58,7.56,803.82,2.31
1613.0,"KOLAR DAM WATER SUPPLY INTAKE WELL, DISTT. SEHORE",MADHYA PRADESH,26.0,6.92,7.85,311.83,2.79
2955.0,"CHAMBAL ENTERING IN RAJASTHAN AT GANDHI SAGAR DAM, KOTA",RAJASTHAN,25.67,5.95,7.76,435.0,1.28
1288.0,CHAMBAL AT KOTA U/S (INTAKE PT. NEAR BARRAGE),RAJASTHAN,27.88,6.18,7.71,391.67,1.07
1289.0,CHAMBAL AT KOTA D/S (2 KM. FROM CITY),RAJASTHAN,25.98,5.22,7.99,595.0,2.26
1413.0,CHAMBAL AT RAMESHWARGHAT NR. SAWAIMADHOPUR,RAJASTHAN,23.25,5.86,7.47,589.17,1.68
2126.0,"PARVATI A/C OF VINDHYACHAL NALLA, PILUKHEDI",MADHYA PRADESH,25.09,6.7,7.51,0.75,3.21
2954.0,"PARVATI BEFORE MEETING RIVER CHAMBAL AT KHATOLI, KOTA",RAJASTHAN,25.47,5.18,7.98,534.17,2.62
1367.0,KHAN AT KABIT KHEDI (NEAR INDORE),MADHYA PRADESH,23.0,2.95,7.2,1601.5,50.0
2953.0,"KALI SINDH AT ANICUT OF M/S CFCL GADEPAN, KOTA",RAJASTHAN,24.54,5.11,7.75,514.17,3.41
2956.0,"KALI SINDH AT BAROD ROAD BRIDGE, KOTA",RAJASTHAN,24.76,5.42,7.89,572.5,2.12
2117.0,"BICHIA, BDG GOVINDGARH ROAD",MADHYA PRADESH,24.94,6.29,7.33,0.75,3.93
2950.0,"BANAS AT DHANARI DAM, NEAR SWAROOPGANJ, SIROHI",RAJASTHAN,21.83,5.45,7.81,537.5,2.57
2951.0,"BANAS AT BISULPUR DAM, TONK",RAJASTHAN,20.17,5.9,8.0,397.5,1.53
2952.0,"BANAS AT NEAR NEWTA DAM, JAIPUR",RAJASTHAN,24.92,2.71,7.9,1630.83,17.22
2945.0,"CHHAPI AT UPSTREAM OF CHHAPI DAM, JHALAWAR",RAJASTHAN,26.93,5.71,7.98,444.17,1.86
2946.0,"UJAD AT UPSTREAM OF BHIM SAGAR DAM, JHALAWAR",RAJASTHAN,27.07,5.16,8.13,375.0,1.72
1185.0,GHATPRABHA AT D/S OF MUDHOL RD. CROSS BDG.,KARNATAKA,27.64,5.48,8.3,1331.43,0.9
1163.0,GHATPRABHA AT W.A. POINT TO GOKAK TOWN,KARNATAKA,25.1,6.57,8.3,470.0,1.87
1187.0,MALPRABHA AT D/S OF KHANAPUR VILLAGE,KARNATAKA,25.3,6.21,8.21,389.0,2.25
1164.0,"MALPRABHA AT WATER ABSTR. PT. TO HUBLI,DHARWAR",KARNATAKA,25.5,6.61,8.39,432.0,1.44
1186.0,MALPRABHA AT D/S OF AIHOLE TOWN,KARNATAKA,26.7,4.83,8.62,1028.57,1.59
2764.0,MALPRABHA AT BADAMI BRIDGE,KARNATAKA,27.09,4.95,8.5,858.57,1.27
38.0,TUNGHABHADRA AT HONNALI BRIDGE,KARNATAKA,26.42,7.05,7.87,258.25,1.87
1029.0,TUNGHABHADRA AT HARALAHALLI BRIDGE,KARNATAKA,26.82,7.33,8.2,352.64,2.29
29.0,TUNGHABHADRA AT ULLANUR,KARNATAKA,28.75,6.93,8.11,280.0,2.01
2768.0,TUNGABHADRA AT D/S OF HPF,KARNATAKA,27.5,6.29,7.84,568.42,5.81
2769.0,TUNGABHADRA AT JACKWELL POINT,KARNATAKA,27.17,6.45,7.9,380.67,3.44
2770.0,TUNGABHADRA AT HARIHAR WATER SUPPLY INTAKE,KARNATAKA,26.92,6.31,7.97,347.92,3.26
2766.0,TUNGABHADRA AT NEW BRIDGE,KARNATAKA,26.75,7.13,8.14,277.83,1.95
2767.0,TUNGABHADRA AT U/S OF HPF,KARNATAKA,26.68,7.05,8.3,304.08,2.12
1174.0,"TUNGHABHADRA AT KURNOOL U/S, BAVAPURAM",ANDHRA PRADESH,26.36,6.14,7.88,394.55,2.33
1785.0,"TUNGHABHADRA AT MANTHRALAYAM , KURNOOL",ANDHRA PRADESH,25.91,6.25,8.02,484.36,2.37
1168.0,TUNGHA AT D/S OF SHIMOGA TOWN,KARNATAKA,25.58,6.72,7.69,202.5,2.62
1896.0,CONFLUENCE POINT OF TUNGA AND BHADRA AT KUDLI,KARNATAKA,25.89,6.87,7.68,358.89,3.56
1091.0,BHADRA AT MALLESWARAM D/S OF KIOCL,KARNATAKA,23.88,6.25,7.28,172.5,1.0
1387.0,BHADRA AT D/S OF BHADRAVATHI,KARNATAKA,25.17,6.62,7.69,380.83,4.22
1169.0,"BHADRA AT D/S OF KIOCL ROAD BRIDGE, NEAR HOLEHUNNUR",KARNATAKA,26.08,6.81,7.68,358.33,3.51
2765.0,BHADRA AT U/S OF MPM,KARNATAKA,24.75,7.1,7.72,230.67,1.95
2771.0,BHADRA AT U/S OF KIOCL,KARNATAKA,24.02,6.28,7.4,155.0,1.0
1172.0,MUSI U/S AT HYDERABAD,ANDHRA PRADESH,27.0,5.3,7.96,417.82,11.26
1173.0,MUSI D/S AT HYDERABAD,ANDHRA PRADESH,27.64,0.85,7.47,1306.45,52.63
2339.0,"MUSI AT NAGOLE,RANGAREDDY",ANDHRA PRADESH,27.55,0.73,7.38,1554.09,106.0
3082.0,"RIVER MUSI RESERVOIR AT KASANIGUDA,  NALGONDA",ANDHRA PRADESH,28.55,5.11,7.72,1603.18,4.93
1178.0,"PALLERU BEFORE CONFL. WITH KRISHNA, JAGGAYYAPET",ANDHRA PRADESH,23.36,5.66,7.58,780.18,0.72
1177.0,"MUNERU BEFORE CONFL. WITH KRISHNA, NANDIGAMA",ANDHRA PRADESH,24.0,6.78,7.58,697.25,0.6
1895.0,KAGINA D/S OF SEWAGE DISPOSAL POINT,KARNATAKA,27.75,6.53,8.17,597.5,2.08
2777.0,KAGINA AT SHAHABAD BRIDGE,KARNATAKA,28.4,6.63,8.07,618.11,1.74
2349.0,"NAKKAVAGU, BACHUGUDEM",ANDHRA PRADESH,28.95,4.87,7.5,1468.91,12.54
2350.0,"RIVER HUNDRI, JOHARPUR(V), NEAR TEMPLE, KURNOOL",ANDHRA PRADESH,26.0,6.2,8.27,643.33,2.33
2351.0,"RIVER KUNDU, NANDYAL, NEAR OVER BDG., KURNOOL",ANDHRA PRADESH,25.91,5.5,7.77,502.73,2.57
2763.0,ASANGI NALLA AT ASANGI VILL.,KARNATAKA,28.66,5.33,8.7,607.14,1.49
2195.0,"NIRA RIVER AT D/S OF JUBILANT ORGANOSIS, PUNE.",MAHARASHTRA,27.67,4.75,8.03,351.34,8.21
2682.0,"NIRA RIVER AT U/S OF JUBILANT ORGANOSIS, BARAMATI, PUNE.",MAHARASHTRA,27.42,5.34,8.06,256.02,6.29
1463.0,NIRA AT SAROLE BDG.ON PUNE-BANGLORE HIGHWAY,MAHARASHTRA,26.25,5.51,7.95,247.85,6.13
2681.0,"NIRA RIVER AT SANGAVI, PHALTAN, SATARA",MAHARASHTRA,24.54,3.99,7.99,1796.42,9.03
2683.0,"NIRA RIVER AT SHINDEWADI, SHIRVAL, KHANDALA, SATARA",MAHARASHTRA,24.4,5.28,8.01,227.56,6.22
2186.0,"VENNA RIVER AT VARYE, SATARA.",MAHARASHTRA,20.83,4.95,7.78,317.7,7.13
2716.0,"VENNA RIVER AT MAHABALESHWAR, SATARA",MAHARASHTRA,20.61,5.54,7.95,134.3,5.07
2717.0,"VENNA RIVER AT MAHULI, SATARA.",MAHARASHTRA,21.21,4.69,7.93,378.74,7.54
2189.0,KOYNA RIVER AT KARAD.,MAHARASHTRA,23.08,5.51,7.94,184.57,5.9
2194.0,MULA RIVER AT HARRISON BDG NEAR MULA- PAWANA SANGAM.,MAHARASHTRA,27.0,1.71,7.79,428.76,13.1
2193.0,"MULA RIVER AT AUNDH BRIDGE, AUNDGAON.",MAHARASHTRA,27.17,3.15,7.78,435.8,10.19
2192.0,MULA-MUTHA  RIVER AT MUNDHAWA BRIDGE.,MAHARASHTRA,27.25,1.71,7.8,395.13,13.7
2677.0,"MULA-MUTHA RIVER AT D/S OF THEUR, HAWELI, PUNE",MAHARASHTRA,25.75,2.54,7.91,427.84,11.64
2191.0,MUTHA RIVER AT SANGAM BRIDGE NEAR GANAPATHY GHAT.,MAHARASHTRA,27.5,1.3,7.8,364.0,15.73
2678.0,"MUTHA RIVER NEAR VEER SAVARKAR BHAVAN, PUNE.",MAHARASHTRA,27.42,1.2,7.75,370.51,15.14
2679.0,"MUTHA RIVER AT DECCAN BRIDGE, PUNE.",MAHARASHTRA,27.58,1.16,7.83,355.59,15.87
2680.0,"MUTHAAT KHADAKVASLA DAM, KHADAKVASLA, HAWELI, PUNE.",MAHARASHTRA,25.5,6.1,8.05,124.88,3.55
2196.0,"PAWANA RIVER AT SANGAVIGAON, PUNE.",MAHARASHTRA,27.25,1.67,7.77,429.98,13.46
2690.0,"PAWNA RIVER AT KASARWADI, HAWELI, PUNE.",MAHARASHTRA,27.33,1.85,7.69,400.23,14.91
2691.0,"PAWNA AT DAPODI BRIDGE, AT PAWANA- MULLA SANGAM,PUNE.",MAHARASHTRA,26.92,1.42,7.72,440.88,12.83
2692.0,"PAWNA AT RAVET WEIR, PUNE.",MAHARASHTRA,26.83,5.91,7.81,175.68,3.91
2693.0,"PAWNA AT CHINCHWADGAON, PUNE.",MAHARASHTRA,27.33,3.26,7.78,245.27,9.68
2694.0,"PAWNA RIVER AT PIMPRIGAON, PUNE.",MAHARASHTRA,27.5,2.09,7.72,402.13,14.4
2197.0,"INDRAYANI RIVER AT D/S OF ALANDIGAON, PUNE",MAHARASHTRA,25.17,4.28,7.85,393.28,8.7
2668.0,"INDRAYANI RIVER AT D/S OF MOSHIGAON, HAWELI, PUNE",MAHARASHTRA,25.09,3.79,7.89,349.45,9.24
2669.0,"INDRAYANI RIVER AT U/S OF MOSHIGAON, HAWELI, PUNE.",MAHARASHTRA,25.08,4.23,7.88,366.51,8.15
1911.0,CHANDRABHAGA U/S OF PANDHARPUR TOWN,MAHARASHTRA,35.67,5.48,7.93,914.72,6.32
1912.0,CHANDRABHAGA D/S OF PANDHARPUR TOWN,MAHARASHTRA,35.17,5.1,8.0,956.13,7.73
2665.0,"GHOD RIVER AT SHIRUR, PUNE.",MAHARASHTRA,26.13,5.03,8.01,632.51,6.7
2705.0,"SINA RIVER NEAR LABOTI TOLL NAKA, LABOTI, MOHAL, SOLAPUR",MAHARASHTRA,30.42,5.2,7.87,1124.58,7.57
2711.0,"URMODI AT NAGTHANE, SATARA.",MAHARASHTRA,22.89,4.76,7.89,253.68,7.61
1311.0,PANCHAGANGA AT ICHALKARANJI,MAHARASHTRA,27.25,6.29,7.46,549.03,3.75
2163.0,PANCHAGANGA RIVER AT SHIROL NEAR SHIROL INTAKE WELL.,MAHARASHTRA,27.33,6.3,7.52,654.23,3.58
1904.0,PANCHAGANGA U/S OF KOLHAPUR TOWN,MAHARASHTRA,25.92,6.47,7.52,330.53,3.03
1905.0,PANCHAGANGA D/S OF KOLHAPUR TOWN,MAHARASHTRA,26.25,6.16,7.34,256.33,3.79
1189.0,BHIMA AT PUNE U/S VITHALWADI,MAHARASHTRA,27.58,2.4,7.88,374.09,10.84
2655.0,"BHIMA AT KOREGAON NEAR KOREGAON BDG, SHIRUR, PUNE",MAHARASHTRA,25.75,3.96,7.88,414.35,8.86
2656.0,"BHIMA RIVER-BACKWATER OF UJANI DAM NEAR RAW WATER PUMP HOUSE, KUMBARGAON, INDAPUR, PUNE",MAHARASHTRA,27.75,5.01,7.95,627.13,6.82
1190.0,"BHIMA AT PUNE, D/S OF BUNDGARDEN",MAHARASHTRA,27.17,1.73,7.81,375.52,14.18
1191.0,BHIMA AT PARGAON (A/CWITH MULE MARTHA),MAHARASHTRA,27.42,3.66,7.78,630.57,9.6
1192.0,BHIMA AFTER CONF. WITH DAUNT,MAHARASHTRA,27.33,4.27,7.9,676.02,8.56
1188.0,"BHIMA AT NARSINGHPUR,(D/S AF.CONFL.WITH R.NIRA)",MAHARASHTRA,33.5,5.45,7.97,785.44,6.3
28.0,BHIMA AT TAKLI,MAHARASHTRA,27.0,5.22,7.84,1711.18,7.33
1183.0,BHIMA AT D/S OF ROAD BRIDGE AT GANGAPUR,KARNATAKA,28.4,6.5,8.08,953.33,3.3
1184.0,BHIMA AT FEROZABAD VILLAGE (D/S),KARNATAKA,28.9,6.61,8.09,860.0,3.04
1888.0,BHIMA AT CONFL. OF JEWARGI TOWN SEWAGE DISPOSAL POINT,KARNATAKA,28.5,6.54,8.21,860.78,3.01
1893.0,YAGACHI RIVER NEAR PUMPING STATION. HASSAN CITY,KARNATAKA,26.5,7.08,8.21,255.0,1.0
1199.0,HEMAVATI AT D/S OF HOLENARASIPURA TOWN AT RAMADEVALA WEIR,KARNATAKA,26.75,7.25,8.05,225.0,1.0
1200.0,"SHIMSHA AT D/S OF HIGHWAY BRIDGE, YEDIYAR",KARNATAKA,31.0,8.78,7.93,549.0,3.33
1166.0,"SHIMSHA AT D/S OF BRIDGE, HALAGUR",KARNATAKA,26.0,5.9,8.08,584.25,2.75
1165.0,ARKAVATHI AT D/S OF KANAKAPURA TOWN,KARNATAKA,27.75,6.68,7.14,1353.25,3.75
2778.0,ARKAVATHI AT T.G. HALLI RESERVOIR,KARNATAKA,24.92,4.14,7.87,1299.42,3.92
1196.0,LAKSHMANTIRTHA  AT D/S OF HUNSUR TOWN,KARNATAKA,25.75,3.83,7.48,577.75,3.75
2772.0,LAKSHMANTIRTHA  AT D/S OF KATTEMALAVADI,KARNATAKA,26.75,4.88,7.7,544.0,2.75
1207.0,KABBANI AT MUTHANKARA,KERALA,26.18,6.84,7.17,69.0,0.55
1197.0,KABBANI AT SARAGUR VILL. D/S,KARNATAKA,26.25,7.1,7.8,128.5,1.0
41.0,KABBANI AT CAUSE WAY  SATTUR,KARNATAKA,27.25,6.73,7.58,323.0,1.5
1445.0,KABBANI AT WATER INTAKE OF KIADB AT NANJANGUD,KARNATAKA,27.75,7.45,7.93,288.75,1.0
2775.0,"KABINI AT BATHING GHAT, NANJANAGUD",KARNATAKA,27.42,4.83,7.68,301.75,2.83
1208.0,BHAVANI AT ELACHIVAZHY,KERALA,24.95,7.08,7.76,121.7,0.56
1201.0,BHAVANI AT PATHIRAKALIAMMAN KOIL,TAMILNADU,25.08,7.91,7.72,148.63,0.71
1204.0,BHAVANI AT SIRUMUGAI,TAMILNADU,25.17,7.8,7.67,142.23,0.81
1321.0,BHAVANI AT BHAVANI SAGAR,TAMILNADU,27.75,6.63,7.69,214.76,1.05
1205.0,BHAVANI AT BHAVANI,TAMILNADU,28.08,5.87,7.8,337.83,0.99
3019.0,"BHAVANI AT D/S OF BHAVANI SAGAR, SATHYAMANGALAM, ERODE",TAMILNADU,27.83,6.58,7.55,198.81,1.07
3020.0,"U/S OF KALINGARAYAN CANAL (B5), ERODE",TAMILNADU,28.4,5.84,7.88,432.2,1.08
3021.0,"D/S OF KALINGARAYAN CANAL (B10), ERODE",TAMILNADU,29.1,4.51,7.8,504.0,2.11
3024.0,"SARABANGA AT SALEM, D/S OF TEXTILE DYEING INDUSTRIES EFFLUENT",TAMILNADU,30.17,0.0,7.59,2904.75,36.07
3022.0,"THIRUMANIMUTHAR AT SALEM,  D/S OF SAGO & TEXTILE DYING INDUSTRIES",TAMILNADU,30.5,2.08,7.64,2380.33,28.74
1553.0,"YAMUNA , U/S PAONTA SAHIB",HIMACHAL PRADESH,19.81,7.88,7.33,397.31,1.31
1554.0,"YAMUNA , D/S PAONTA SAHIB",HIMACHAL PRADESH,21.04,7.71,7.55,337.62,1.22
1069.0,YAMUNA AT ALLAHABAD D/S (BALUA GHAT),UTTAR PRADESH,24.98,7.23,8.01,634.0,2.37
