STATION CODE,LOCATIONS,ZIP,date_of_deployment,kit_status,,,,,,,,
1081,BAITARNI AT JODA,758034,,WORKING,,,,,,,,
1082,BAITARNI AT ANANDPUR,758021,,WORKING,,,,,,,,
1083,BAITARNI AT JAJPUR,755008,,WORKING,,,,,,,,
1084,BAITARNI AT CHANDBALI,756133,,WORKING,,,,,,,,
1085,BAITARNI AT DHAMRA,,,WORKING,,,,,,,,
2421,KUSEI BEFORE JOINING WITH BAITARANI RIVER AT ANANDPUR,,,WORKING,,,,,,,,
1001,BEAS AT U/S MANALI,175131,,WORKING,,,,,,,,
1002,BEAS AT D/S KULU,,,WORKING,,,,,,,,
1003,BEAS AT D/S AUT,,,WORKING,,,,,,,,
1004,BEAS AT U/S PANDON DAM,,,WORKING,,,,,,,,
1005,BEAS AT EXIT OF TUNNEL DEHAL POWER HOUSE,,,WORKING,,,,,,,,
1550,BEAS AT U/S MANDI,176091,,WORKING,,,,,,,,
1006,BEAS AT D/S MANDI,,,WORKING,,,,,,,,
2601,BEAS AT D/S MANALI,175131,,WORKING,,,,,,,,
2602,BEAS AT U/S KULLU,,,WORKING,,,,,,,,
2603,BEAS AT D/S PANDOH DAM,,,WORKING,,,,,,,,
1693,BEAS AT TALWARA H/W,,,WORKING,,,,,,,,
1694,BEAS AT U/S PATHANKOT,145001,,WORKING,,,,,,,,
1695,BEAS AT D/S PATHANKOT,,,WORKING,,,,,,,,
1010,"BEAS AT MIRTHAL BRIDGE, GURDASPUR",,,WORKING,,,,,,,,
1294,BEAS AT 1KM.D/S OF EFFL. DIS. PT AT MUKERIAN,,,WORKING,,,,,,,,
1011,BEAS AT G.T.RD UNDER BDG. NR KAPURTHALA,,,WORKING,,,,,,,,
1696,BEAS AT U/S GOINDWAL,,,WORKING,,,,,,,,
1012,BEAS AT 100M D/S INDUST. DISCH. GOINDWAL,,,WORKING,,,,,,,,
1697,"BEAS AT HARIKE,",144629,,WORKING,,,,,,,,
1037,BRAHMANI AT U/S PANPOSH,,,WORKING,,,,,,,,
1038,BRAHMANI AT D/S PANPOSH,,,WORKING,,,,,,,,
1302,BRAHMANI AT ROURKELA D/S,,,WORKING,,,,,,,,
2414,ROURKELA FDS AT BIRITOLA,,,WORKING,,,,,,,,
1039,BRAHMANI AT BONAIGARH,770038,,WORKING,,,,,,,,
1040,BRAHMANI AT RENGALI,759105,,WORKING,,,,,,,,
1041,BRAHMANI AT SAMAL,,,WORKING,,,,,,,,
1303,BRAHMANI AT TALCHER U/S,,,WORKING,,,,,,,,
2415,"TALCHER FU/S (INTAKE WELL OF MCL, TALCHER)",,,WORKING,,,,,,,,
2416,TALCHER FD/S,759107,,WORKING,,,,,,,,
1042,BRAHMANI AT KAMALANGA,,,WORKING,,,,,,,,
2417,"DHENKANAL D/S, DHENKANAL TOWN",,,WORKING,,,,,,,,
1043,BRAHMANI AT BHUBAN,759017,,WORKING,,,,,,,,
2418,KABATABANDHA (BEFORE IMPACT OF INDUSTRIAL ACTIVITY IN KALINGANAGAR AREA),,,WORKING,,,,,,,,
1044,BRAHMANI AT DHARMASHALA,,,WORKING,,,,,,,,
1045,BRAHMANI AT PATTAMUNDAI,754215,,WORKING,,,,,,,,
2413,KOEL U/S (A/C OF RIVER KARO),,,WORKING,,,,,,,,
2419,KHANDITARA (D/S OF INDUSTRIAL ACTIVITIES AT KALINGA NAGAR),,,WORKING,,,,,,,,
2420,AUL,94559,,WORKING,,,,,,,,
1260,BRAHAMPUTRA AT KHERGHAT (A/C WITH DIBANG & DIHANG),,,WORKING,,,,,,,,
1030,BRAHAMPUTRA AT DIBRUGARH,786001,,WORKING,,,,,,,,
1262,BRAHAMPUTRA AT NIMATIGHAT,784173,,WORKING,,,,,,,,
1526,BRAHMPUTRA AT DHENUKHAPAHAR,,,WORKING,,,,,,,,
1031,BRAHAMPUTRA AT PANDU,784173,,WORKING,,,,,,,,
1299,BRAHAMPUTRA AT JOGIJHOGA NEAR BRIDGE,,,WORKING,,,,,,,,
2069,"BRAHMPUTRA NR WATER INTAKE POINT AT KACHARIGHAT, PANBAZAR, GUWAHATI",,,WORKING,,,,,,,,
2064,"BRAHMAPUTRA AT CHANDRAPUR, GUWAHATI",781026,,WORKING,,,,,,,,
2067,"BRAHMPUTRA AT SUALKUCHI, DIST. KAMRUP",781103,,WORKING,,,,,,,,
2066,BRAHMAPUTRA AT DHUBRI,783301,,WORKING,,,,,,,,
1198,CAUVERY AT NAPOKULU BDG (D/S),,,WORKING,,,,,,,,
1195,CAUVERY AT KUSHAL NAGAR U/S (NEAR BAICHANAHALLI),,,WORKING,,,,,,,,
33,"CAUVERY AT KRS DAM, BALAMURIKSHETRA",,,WORKING,,,,,,,,
1386,CAUVERY AT D/S OF KAREKUARA,,,WORKING,,,,,,,,
1171,"CAUVERY AT SRIRANGA PATTANNA, D/S OF ROAD BDG",,,WORKING,,,,,,,,
34,CAUVERY AT SATHYAGALAM BRIDGE,,,WORKING,,,,,,,,
2773,CAUVERY AT BANNUR BRIDGE,571440,,WORKING,,,,,,,,
2774,CAUVERY AT RANGANATHITTU,571427,,WORKING,,,,,,,,
50,CAUVERY AT METTUR,636401,,WORKING,,,,,,,,
1322,CAUVERY AT 1KM. D/S OF BHAVANI RIVER CONFL.,,,WORKING,,,,,,,,
51,CAUVERY AT PALLIPPALAYAM,638008,,WORKING,,,,,,,,
1320,CAUVERY AT ERODE NEAR CHIRAPALAYAM,,,WORKING,,,,,,,,
1323,CAUVERY AT VELORE NEAR KATTIPALAYAM,,,WORKING,,,,,,,,
3015,"CAUVERY AT PUGALUR, KARUR",,,WORKING,,,,,,,,
1324,CAUVERY AT MOHANUR NEAR PATTAIPALAYAM,,,WORKING,,,,,,,,
1451,CAUVERY AT THIRUMUKKUDAL-CONFL. PT.OF R. AMRAVAT,,,WORKING,,,,,,,,
31,CAUVERY AT MUSIRI,621211,,WORKING,,,,,,,,
3016,"CAUVERY AT PETTAIVAITHALAI, TRICHY",639112,,WORKING,,,,,,,,
1202,CAUVERY AT TIRUCHIRAPPALLI U/S,620003,,WORKING,,,,,,,,
1325,CAUVERY AT TIRUCHIRAPPALLI D/S,,,WORKING,,,,,,,,
1203,"CAUVERY AT TRICHY,GRAND ANAICUT",620013,,WORKING,,,,,,,,
1206,CAUVERY AT THANJAVUR,613001,,WORKING,,,,,,,,
3018,"CAUVERY AT MAYILADUTHURAI, NAGAPATTINAM",609001,,WORKING,,,,,,,,
3012,"CAUVERY AT KOMARAPALAYAM, NAMAKA",638183,,WORKING,,,,,,,,
3013,"CAUVERY AT URRACHIKOTTAI, ERODE",,,WORKING,,,,,,,,
3014,"CAUVERY AT VAIRAPALAYAM, NAMAKAL",,,WORKING,,,,,,,,
3017,"CAUVERY AT KUMBAKONAM, THANJAVUR",612001,,WORKING,,,,,,,,
1326,CAUVERY AT COLEROON,,,WORKING,,,,,,,,
1327,CAUVERY AT PITCHAVARAM,,,WORKING,,,,,,,,
1331,DAMODAR AT DISHERGARH VILL.(NR.BIHAR-WEST BENGAL BORDER),,,WORKING,,,,,,,,
1332,DAMODAR AT D/S OF IISCO AFTER 3RD OUTFALL AT DHENNA,,,WORKING,,,,,,,,
1333,DAMODAR AT NARAINPUR AFTER CONFL. OF NUNIA NALLAH,,,WORKING,,,,,,,,
1334,DAMODAR NEAR MUJHER MANA VILLAGE AFTER CONF. OF TAMLA NALLAH,,,WORKING,,,,,,,,
1335,"DAMODAR AT HOOGHLY, DURGACHAK, NEAR PATHIKALI",,,WORKING,,,,,,,,
2527,DAMODAR AT WATER INTAKE POINT FOR BURDWAN TOWN,,,WORKING,,,,,,,,
1336,BARAKAR AT ASANSOL (WATER INTAKE POINT),,,WORKING,,,,,,,,
2509,"D/S OF RUPNARAYAN AT KOLAGHAT, NEAR KOLAGHAT RAIL BRIDGE NO.3",,,WORKING,,,,,,,,
1337,RUPNARAYAN B/C TO RIVER GANGA NEAR GEONKHALI,,,WORKING,,,,,,,,
2541,WATER INTAKE PT FOR BANKURA TOWN ON RIVER DWARAKESHWAR,,,WORKING,,,,,,,,
2531,U/S OF TARAPITH ON RIVER DWARKA AT SADHAK BAMDEB GHAT,,,WORKING,,,,,,,,
2532,"D/S OF TARAPITH ON RIVER DWARKA, SATIGHAT",,,WORKING,,,,,,,,
2508,"D/S OF SILABATI AT GHATAL,",,,WORKING,,,,,,,,
2514,"JALANGI, D/S OF KRISHNA NAGAR",,,WORKING,,,,,,,,
1764,CHURNI D/S OF SANTIPUR TOWN,,,WORKING,,,,,,,,
2518,"CHURNI, MAJHADIA",,,WORKING,,,,,,,,
2517,"MATHA BHANGA, GOBINDAPUR",,,WORKING,,,,,,,,
2534,WATER INTAKE POINT FOR SURI TOWN ON RIVER MAYURAKSHI,,,WORKING,,,,,,,,
2507,"D/S OF KANSI AT MIDNAPORE, NEAR NEW HANUMAN MANDIR, GANDHIGHAT",,,WORKING,,,,,,,,
1946,MAHANANDA AT SILIGURI,734010,,WORKING,,,,,,,,
2525,"MAHANANDA D/S, RAMGHAT",,,WORKING,,,,,,,,
2549,U/S OF VINDYADHARI RIVER AT HAROA BRIDGE,,,WORKING,,,,,,,,
2550,D/S OF VINDYADHARI RIVER AT MALANCHA BURNING GHAT,,,WORKING,,,,,,,,
1259,DHANSIRI AT GOLAGHAT,785619,,WORKING,,,,,,,,
1062,GANGA AT GARHMUKTESHWAR,245205,,WORKING,,,,,,,,
2488,"GANGA U/S, ANOOPSHAHAR",203390,,WORKING,,,,,,,,
2489,"GANGA D/S, ANOOPSHAHAR",,,WORKING,,,,,,,,
1145,GANGA AT NARORA (BULANDSAHAR),203389,,WORKING,,,,,,,,
2490,"GANGA AT KACHHLA GHAT, ALIGARH",,,WORKING,,,,,,,,
1063,GANGA AT KANNAUJ U/S (RAJGHAT),,,WORKING,,,,,,,,
1066,GANGA AT KANNAUJ D/S,,,WORKING,,,,,,,,
1146,GANGA AT BITHOOR (KANPUR),209203,,WORKING,,,,,,,,
1067,GANGA AT KANPUR U/S (RANIGHAT),,,WORKING,,,,,,,,
1068,GANGA AT KANPUR D/S (JAJMAU PUMPING STATION),,,WORKING,,,,,,,,
1147,GANGA AT DALMAU (RAI BAREILLY),229207,,WORKING,,,,,,,,
2498,"GANGA AT KALA KANKAR, RAEBARELI",,,WORKING,,,,,,,,
1046,GANGA AT ALLAHABAD (RASOOLABAD),211002,,WORKING,,,,,,,,
2487,"GANGA AT KADAGHAT, ALLAHABAD",,,WORKING,,,,,,,,
1049,GANGA AT ALLAHABAD D/S (SANGAM),,,WORKING,,,,,,,,
2485,"GANGA U/S, VINDHYACHAL, MIRZAPUR",231001,,WORKING,,,,,,,,
2486,"GANGA D/S, MIRZAPUR",,,WORKING,,,,,,,,
1071,GANGA AT VARANASI D/S (MALVIYA BRIDGE),,,WORKING,,,,,,,,
1073,GANGA AT TRIGHAT (GHAZIPUR),232332,,WORKING,,,,,,,,
1080,GANGA AT BAHARAMPORE,742101,,WORKING,,,,,,,,
2511,"NABADIP ON GANGA,GHOSHPARA NEAR MONIPURGHAT",,,WORKING,,,,,,,,
2506,"TRIBENI ON GANGA, NEAR BURNING GHAT",,,WORKING,,,,,,,,
1054,GANGA AT PALTA,,,WORKING,,,,,,,,
1472,GANGA AT SERAMPORE,712201,,WORKING,,,,,,,,
1053,GANGA AT DAKSHMINESWAR,700057,,WORKING,,,,,,,,
1471,GANGA AT HOWRAH-SHIVPUR,711102,,WORKING,,,,,,,,
1470,GANGA AT GARDEN REACH,20678,,WORKING,,,,,,,,
1052,GANGA AT ULUBERIA,,,WORKING,,,,,,,,
1469,GANGA AT DIAMOND HARBOUR,743331,,WORKING,,,,,,,,
1312,"GODAVARI AT JAYAKWADI DAM, AURNAGABAD",,,WORKING,,,,,,,,
2177,GODAVARI RIVER NEAR SOMESHWAR TEMPLE.,422013,,WORKING,,,,,,,,
2182,GODAVARI RIVER AT SAIKHEDA.,,,WORKING,,,,,,,,
2179,"GODAVARI RIVER AT HANUMAN GHAT, NASHIK CITY.",,,WORKING,,,,,,,,
2183,GODAVARI RIVER AT NANDUR- MADMESHWAR DAM.,422303,,WORKING,,,,,,,,
2181,"GODAVARI RIVER AT KAPILA- GODAVARI CONFL. PT, TAPOVAN.",,,WORKING,,,,,,,,
2180,GODAVARI NEAR TAPOVAN.,422003,,WORKING,,,,,,,,
1096,GODAVARI AT PANCHAVATI AT RAMKUND,422001,,WORKING,,,,,,,,
1211,GODAVARI AT NASIK D/S,422011,,WORKING,,,,,,,,
1095,"GODAVARI AT U/S OF GANGAPUR DAM,NASIK",,,WORKING,,,,,,,,
2160,"GODAVARI U/S OF AURANGABAD RESERVOIR, KAIGAON TOKKA NEAR KAIGAON BRIDGE.",,,WORKING,,,,,,,,
2158,GODAVARI RIVER AT U/S OF PAITHAN AT PAITHAN INTAKE PUMP HOUSE AT JAYAKWADI .,,,WORKING,,,,,,,,
2159,GODAVARI RIVER AT D/S OF PAITHAN AT PATHEGAON BDG,,,WORKING,,,,,,,,
2161,"GODAVARI AT JALNA INTAKE WATER PUMP HOUSE, SHAHABAD",,,WORKING,,,,,,,,
12,GODAVARI AT DHALEGAON,,,WORKING,,,,,,,,
1210,GODAVARI AT NANDED,431605,,WORKING,,,,,,,,
1209,GODAVARI AT RAHER,,,WORKING,,,,,,,,
2157,GODAVARI RIVER AT LATUR WATER INTAKE NEAR PUMP HOUSE AT DHAMEGAON.,,,WORKING,,,,,,,,
2360,"GODAVARI AT BASARA, ADILABAD",504101,,WORKING,,,,,,,,
2361,"GODAVARI  AT MANCHERIAL, NR RLY BDG B/C OF RALLAVAGU",,,WORKING,,,,,,,,
2362,"GODAVARI AT RAMAGUNDAM D/S, NEAR FCI INTAKE WELL, KARIMNAGAR",,,WORKING,,,,,,,,
2363,"GODAVARI AT GODAVARIKHANI, NR BATHING GHAT, KARIMNAGAR",,,WORKING,,,,,,,,
2364,"GODAVARI AT RAMAGUNDAM U/S , KARIMNAGAR",,,WORKING,,,,,,,,
2356,"GODAVARI D/S OF RAMANUGUNDAM,",500003,,WORKING,,,,,,,,
2365,"GODAVARI AT KAMALPUR U/S M/S AP RAYONS LTD. INTAKE WELL, WARANGAL",,,WORKING,,,,,,,,
2366,"GODAVARI AT KAMALPUR D/S AT M/S. AP RAYONS LTD. DISCHARGE POINT, WARANGAL",,,WORKING,,,,,,,,
13,GODAVARI AT MANCHERIAL,504302,,WORKING,,,,,,,,
2367,"GODAVARI AT BHADRACHALAM U/S BATHING GHAT, KHAMMAM",,,WORKING,,,,,,,,
2368,"GODAVARI AT BHADRACHALAM D/S BATHING GHAT, KHAMMAM",,,WORKING,,,,,,,,
2369,"GODAVARI AT BURGAMPAHAD, KHAMMAM",507114,,WORKING,,,,,,,,
2370,GODAVARI AT RAJAMUNDRY U/S OF NALLA CHANNEL,,,WORKING,,,,,,,,
14,GODAVARI AT POLAVARAM,534315,,WORKING,,,,,,,,
1218,GODAVARI AT RAJAHMUNDRY U/S,533101,,WORKING,,,,,,,,
2371,GODAVARI AT RAJAMUNDRY D/S OF NALLA CHANNEL,533101,,WORKING,,,,,,,,
1219,GODAVARI AT RAJAHMUNDRY D/S,533101,,WORKING,,,,,,,,
2673,"MANJRA RIVER AT D/S OF LATUR, NEAR LATUR- NANDED BRIDGE AT BHATKHEDA, LATUR.",,,WORKING,,,,,,,,
2374,MANJEERA AT GOWDICHARLA B/C WITH NAKKAVAGU,,,WORKING,,,,,,,,
2375,MANJEERA AT GOWDICHARLA A/C WITH NAKKAVAGU,,,WORKING,,,,,,,,
1781,"MANJEERA - NEAR GANAPATHI SUGARS , MEDAK DIST",500034,,WORKING,,,,,,,,
1157,MANJERA AT RAIPALLU,,,WORKING,,,,,,,,
1215,MANER AT WARANGAL U/S,506001,,WORKING,,,,,,,,
1158,MANER AT SOMNAPALLI,,,WORKING,,,,,,,,
2719,"WARDHA RIVER AT D/S OF ERAI RIVER, HADASTI, CHANDRAPUR.",,,WORKING,,,,,,,,
2720,"WARDHA RIVER AT U/S OF ERAI RIVER, HADASTI, CHANDRAPUR.",,,WORKING,,,,,,,,
2721,"WARDHA RIVER AT U/S OF ACC GHUGGUS, CHANDRAPUR.",,,WORKING,,,,,,,,
2174,WARDHA RIVER D/S OF ACC GHUGGUS.,,,WORKING,,,,,,,,
2156,WARDHA AT CONFL. POINT OF PENGANGA & WARDHA AT JUAD.,,,WORKING,,,,,,,,
1212,WARDHA AT RAJURA BRIDGE,,,WORKING,,,,,,,,
1214,WAINGANGA AT CHINDWARA,,,WORKING,,,,,,,,
1910,WAINGANGA A/C WITH KANHAN,,,WORKING,,,,,,,,
2173,WAINGANGA RIVER U/S OF ELLORA PAPER MILL.,,,WORKING,,,,,,,,
2172,WAINGANGA RIVER D/S OF ELLORA PAPER MILL.,,,WORKING,,,,,,,,
2175,"WAINGANGA U/S OF GAURAV PAPER MILLS, NEAR JACKWELL.",,,WORKING,,,,,,,,
2176,"WAINGANGA D/S OF GAURAV PAPER MILLS, NEAR JACKWELL.",,,WORKING,,,,,,,,
11,WAINGANGA AT ASHTI,442707,,WORKING,,,,,,,,
1908,KOLAR B/C/ TO KANHAN AT KAMPTEE,,,WORKING,,,,,,,,
1909,KANHAN D/S OF NAGPUR,441404,,WORKING,,,,,,,,
2170,"KANHAN RIVER U/S OF M/S VIDHARBHA PAPER MILL, SINORA.",,,WORKING,,,,,,,,
2171,"KANHAN RIVER D/S OF M/S VIDHARBHA PAPER MILL, SINORA.",,,WORKING,,,,,,,,
1913,PURNA AT DHUPESHWAR,,,WORKING,,,,,,,,
2700,"PURNA NR ACHALPUR-AMRAVATI ROAD BRIDGE, ASEGAON, CHANDUR BAZAR, AMRAVATI",,,WORKING,,,,,,,,
1315,"NIRA AT PULGAON COTTON MILL, WARDHA",,,WORKING,,,,,,,,
2372,"KINNERASANI A/C OF KTPS ASH POND EFFLUENTS, KHAMMAM",,,WORKING,,,,,,,,
2373,"SABARI AT KUNAVARAM, KHAMMAM",507129,,WORKING,,,,,,,,
2657,"BINDUSARA RIVER AT BEED NEAR INTAKE WATER PUMP HOUSE AT DAM, PALIGAON, BEED",,,WORKING,,,,,,,,
2660,"DARNA RIVER AT CHEHEDI PUMPING STATION, NASHIK.",,,WORKING,,,,,,,,
2661,"DARNA RIVER AT ASWALI ( DARNA DAM), IGATPURI, NASHIK",,,WORKING,,,,,,,,
2662,"DARNA AT MES SITE PUMPING STATION, BHAGUR, NASHIK.",,,WORKING,,,,,,,,
2663,"DARNAAT BHAGUR PUMPING STATION NEAR PANDHURLI BRIDGE, BHAGUR, NASHIK.",,,WORKING,,,,,,,,
2664,"DARNA AT SANSARI, NASHIK.",,,WORKING,,,,,,,,
2697,"PENGANGA NR WATER SUPPLY SCHEME OF UMARKHED MC BELKHED, UMARKHED, YAVATMAL",,,WORKING,,,,,,,,
2698,"PENGANGA RIVER D/S OF ISAPUR DAM, ISAPUR, PUSAD, YAVATMAL",,,WORKING,,,,,,,,
2699,"PENGANGA AT MEHKAR-BULDANA ROAD BRIDGE, MEHKAR, BULDANA",,,WORKING,,,,,,,,
2722,"WENA RIVER  AT U/S OF MOHATA MILLS, NEAR RAILWAY BRIDGE, HINGANGHAT",,,WORKING,,,,,,,,
2723,"WENA RIVER AT D/S OF MOHATA MILLS, NR RD BRG ON HINGANGHAT-WADNER ROAD",,,WORKING,,,,,,,,
1194,KRISHNA AT MAHABALESHWAR DHOM DAM NEAR KOINA DAM,,,WORKING,,,,,,,,
1153,KRISHNA AT RAJAPUR WEIR,,,WORKING,,,,,,,,
36,"KRISHNA AT KRISHNA BRIDGE, KARAD",415539,,WORKING,,,,,,,,
1906,KRISHNA D/S OF ISLAMPUR,,,WORKING,,,,,,,,
37,KRISHNA AT SANGLI,416416,,WORKING,,,,,,,,
1310,KRISHNA AT KURUNDWAD IN KOLHAPUR,416003,,WORKING,,,,,,,,
2187,KRISHNA AT KSHETRA MAHULI.,415003,,WORKING,,,,,,,,
2188,"KRISHNA AT KRISHNA-VENNA SANGAM, MAHULI",415003,,WORKING,,,,,,,,
2190,KRISHNA RIVER AT WAI.,412803,,WORKING,,,,,,,,
1182,KRISHNA AT U/S OF UGARKHURD BARRAGE,,,WORKING,,,,,,,,
1889,KRISHNA - ANKALI BRIDGE ALONG CHIKKODI KAGWAD ROAD,,,WORKING,,,,,,,,
1181,KRISHNA AT D/S OF NARAYANPURA DAM,,,WORKING,,,,,,,,
2781,KRISHNA AT D/S OF ALAMATTI DAM,,,WORKING,,,,,,,,
1784,"KRISHNA AT THANGADI , MAHABOOBNAGAR",509352,,WORKING,,,,,,,,
1175,"KRISHNA A/C TUNGABHADRA, SANGAMESHWARAM",,,WORKING,,,,,,,,
39,KRISHNA AT GADWAL BRIDGE,,,WORKING,,,,,,,,
1465,"KRISHNA AT WADAPALLY A/C WITH R. MUSI, A.P.(SHIFTED FROM 1220)",,,WORKING,,,,,,,,
1786,"KRISHNA AT VEDADRI , GUNTUR",,,WORKING,,,,,,,,
1787,"KRISHNA AT AMARAVATI , GUNTUR",522020,,WORKING,,,,,,,,
25,KRISHNA AT VIJAYWADA,520010,,WORKING,,,,,,,,
3079,"D/S OF KRISHNA A/C WITH TREATED SEWAGE DISCHARGING FROM 10MLD STP LOCATED AT RAMALINGESHWARNAGAR, VIJAYAWADA,  KRISHNA",,,WORKING,,,,,,,,
3083,"KRISHNA D/S OF SRISHAILAM,  KURNOOL",,,WORKING,,,,,,,,
1782,"KRISHNA AT HAMSALA DEEVI , GUNTUR",,,WORKING,,,,,,,,
1281,MAHANADI AT HIRAKUD RSVR,,,WORKING,,,,,,,,
1270,MAHANADI AT SAMBALPUR U/S,768001,,WORKING,,,,,,,,
1271,MAHANADI AT SAMBALPUR D/S,768001,,WORKING,,,,,,,,
2405,SAMBHALPUR FDS AT HUMA,,,WORKING,,,,,,,,
1272,MAHANADI D/S (A/C R. SONG SONEPUR U/S),,,WORKING,,,,,,,,
1274,MAHANADI A/C WITH R.TEL (SONEPUR D/S),,,WORKING,,,,,,,,
1275,MAHANADI AT TIKARPADA,759132,,WORKING,,,,,,,,
1276,MAHANADI AT NARSINGHPUR,,,WORKING,,,,,,,,
1277,MAHANADI AT CUTTACK U/S,753004,,WORKING,,,,,,,,
1278,MAHANADI AT CUTTACK D/S,,,WORKING,,,,,,,,
2409,CUTTACK FDS (SERUA) AT SANKHATRASA,,,WORKING,,,,,,,,
2406,MUNDALI(WATER INTAKE POINT OF BHUBANESWAR CITY,,,WORKING,,,,,,,,
2404,POWER CHANNEL D/S NEAR BURLA,,,WORKING,,,,,,,,
2407,PARADEEP U/S (BEFORE INDL ACTIVITY AT PARADEEP),,,WORKING,,,,,,,,
1639,MAHANADI AT PARADEEPD/S,754142,,WORKING,,,,,,,,
1232,MAHI D/S CONF WITH R. CHAP (UNDER SAGWARA-SARHI RD. BDG.),,,WORKING,,,,,,,,
1864,MAHI AT MUJPUR,,,WORKING,,,,,,,,
4,MAHI AT SEVALIA,388245,,WORKING,,,,,,,,
1233,MAHI AT BADNAWAR,,,WORKING,,,,,,,,
1448,NAGAVALLI AT THOTAPALLI REGULATOR,,,WORKING,,,,,,,,
2352,"RIVER VAMSHADHARA, KALINGAPATNAM,VIZIANAGARAM",,,WORKING,,,,,,,,
3080,"U/S OF KARAKAVAGU AT PALONCHA,  KHAMMAM",,,WORKING,,,,,,,,
3081,"D/S OF KARAKAVAGU AT PALONCHA,  KHAMMAM",,,WORKING,,,,,,,,
1444,KALI AT D/S WEST COAST PAPER MILL,,,WORKING,,,,,,,,
2780,"KALI AT U/S OF WCPM, DANDELI",,,WORKING,,,,,,,,
2423,"BUDHABALANGA, D/S OF BARIPADA TOWN",,,WORKING,,,,,,,,
2424,BUDHABALANGA AT BALASORE D/S,,,WORKING,,,,,,,,
2425,"RIVER KERANDI(INTAKE WELL OF NALCO REFINARY, HAL, SUNABEDA)",,,WORKING,,,,,,,,
2422,"NAGAVALLI AT PENTA U/S, JAYKAYPUR TOWN",,,WORKING,,,,,,,,
1642,NAGAVALLI AT JAYKAYPUR D/S,,,WORKING,,,,,,,,
1643,NAGAVALLI AT RAYAGADA D/S,,,WORKING,,,,,,,,
1455,RUSHIKULYA AT GANJAM U/S,,,WORKING,,,,,,,,
1456,RUSHIKULYA AT GANJAM D/S,,,WORKING,,,,,,,,
2426,VANSADHARA AT MUNIGUDA (D/S OF M/S VEDANTAALUMINA PROJECT),,,WORKING,,,,,,,,
2427,VANSADHARA ATGUNUPUR (INTERSTATE BOUNDRY),,,WORKING,,,,,,,,
1450,PALAR AT VANIYAMBADI WATER SUPPLY HEAD WORK,,,WORKING,,,,,,,,
1159,TAMBIRAPARANI AT BDG.NR. MADURA COATS LTD. PAPAVINASAM,,,WORKING,,,,,,,,
1160,"TAMBIRAPARANI AT CHERANMADEVI,CAUSE WAY",,,WORKING,,,,,,,,
1161,"TAMBIRAPARANI AT TIRUNELVELI,COLLECTORATE",627425,,WORKING,,,,,,,,
1162,TAMBIRAPARANI AT MURAPPANADU,,,WORKING,,,,,,,,
1328,TAMBIRAPARANI AT PAPPANKULAM,627423,,WORKING,,,,,,,,
1329,TAMBIRAPARANI AT RAIL BDG. NR. AMBASAMUDAM,,,WORKING,,,,,,,,
1330,TAMBIRAPARANI AT ARUMUGANERI,,,WORKING,,,,,,,,
3025,"TAMBIRAPARANI AT ERAL, THOTHUKUDI",628801,,WORKING,,,,,,,,
3026,"TAMBIRAPARANI AT KALLIDAI KURICHI, TIRUNELVELI",627005,,WORKING,,,,,,,,
3027,"TAMBIRAPARANI AT SRIVAIKUNTAM, D/S OF SK ANAICUT, TIRUNELVELI",,,WORKING,,,,,,,,
3028,"TAMBIRAPARANI AT VELLAKOIL, TIRUNELVELI",,,WORKING,,,,,,,,
3029,"TAMBIRAPARANI AT SIVALAPERI, CONFLUENCE POINT OF KUTTRALAM FALLS, D/S OF PALAYAMKOTTAI, TIRUNELVELI",,,WORKING,,,,,,,,
3023,"VASISTA AT SALEM, D/S OF SAGO INDUSRIES EFFLUENT",,,WORKING,,,,,,,,
2267,"CREEK AT DANDO MOLLO,VELSAO, MAMUGAO",,,WORKING,,,,,,,,
2081,AMLAKHADI CREEK AT PUNGAM.,,,WORKING,,,,,,,,
1316,BASSEIN CREEK AT BASSIN IN THANE,,,WORKING,,,,,,,,
1318,MAHIM CREEK AT MAHIM BAY,400050,,WORKING,,,,,,,,
1317,THANE CREEK AT ELEPHANTA ISLAND,,,WORKING,,,,,,,,
2793,"THANE CREEK AT KALWA ROAD BRIDGE, KALWA, THANE",400601,,WORKING,,,,,,,,
2791,"ULHAS CREEK AT RETI BUNDER, D/S OF KALYAN- BHIWANDI BDG",,,WORKING,,,,,,,,
2792,"ULAHS CREEK AT MUMBRA RETI BUNDER, VILLAGE MUMBRA, THANE",,,WORKING,,,,,,,,
2794,"ULHAS CREEK AT KOSHLET RETI BUNDER, KOLSHET, THANE",,,WORKING,,,,,,,,
2795,"ULHAS CREEK AT GAIMUKH AT NAGLA BUNDER ON GHOD BUNDER ROAD, NAGLA, THANE",,,WORKING,,,,,,,,
2796,"ULHAS CREEK AT VERSOVA BRIDGE, VERSOVA, VASAI, THANE",,,WORKING,,,,,,,,
2184,VASHI CREEK AT AIROLI BRIDGE.,,,WORKING,,,,,,,,
2185,VASHI CREEK AT VASHII BRIDGE.,,,WORKING,,,,,,,,
2797,"BHAYANDER CREEK AT D/S OF RAILWAY BRIDGE, JASAL PARK CHOUPATHY, NAVGHAR, BHAYANDER, THANE",,,WORKING,,,,,,,,
2798,"KHAREKURAN MURBE CREEK, KHAREKURAN, PALGHAR, THANE",,,WORKING,,,,,,,,
2799,"DANDI CREEK, DANDI, PALGHAR, THANE",,,WORKING,,,,,,,,
2800,"SARAWALI CREEK, SARAWALI, PALGHAR, THANE",401602,,WORKING,,,,,,,,
2801,"SAVTA CREEK, SAVTA, DAHANU, THANE",401602,,WORKING,,,,,,,,
2802,DAHANU CREEK AT DAHANU FORT,401601,,WORKING,,,,,,,,
2803,"PANVEL CREEK AT KOPRA BRIDGE, KOPRA, PANVEL, RAIGAD",,,WORKING,,,,,,,,
2804,KARAMBAVANE CREEK AT CHIPLUN.,,,WORKING,,,,,,,,
2165,SEA WATER AT GATEWAY OF INDIA.,400001,,WORKING,,,,,,,,
2166,SEA WATER AT CHARNI ROAD CHOUPATHY.,400004,,WORKING,,,,,,,,
2167,SEA WATER AT WORLI SEA FACE.,,,WORKING,,,,,,,,
2169,SEA WATER AT VERSOVA.,400050,,WORKING,,,,,,,,
2805,"ARNALA SEA, ARNALA, VASAI, THANE",401302,,WORKING,,,,,,,,
2806,"UTTAN SEA, UTTAN, BHAYANDER, THANE",401106,,WORKING,,,,,,,,
2807,"NAVAPURA SEA, NAVAPUR, PALGHAR, THANE",,,WORKING,,,,,,,,
2808,SEA WATER AT NARIMAN POINT,400020,,WORKING,,,,,,,,
2809,"SEA WATER AT MALABAR HILL, WALKESHWAR, MUMBAI",400006,,WORKING,,,,,,,,
2810,"SEA WATER AT HAJI ALI, WORLI, MUMBAI",400026,,WORKING,,,,,,,,
2811,"SEA WATER AT SHIVAJI PARK, DADAR, MUMBAI",400025,,WORKING,,,,,,,,
2812,"SEA WATER AT JUHU BEACH, JUHUGAON, SANTACRUZ, MUMBAI",,,WORKING,,,,,,,,
2813,"SEA WATER AT GANAPATHIPULE, RATNAGIRI.",415615,,WORKING,,,,,,,,
2814,"SEA WATER AT BHAGWATI BUNDER, RATNAGIRI NEAR ULTRA TECH CEMENT JETTY AT MIRKARWADA.",,,WORKING,,,,,,,,
2815,MADVI SEA  WATER  AT RATNAGIRI NEAR JODHALE MARUTI TEMPLE AT MADVIGAON.,,,WORKING,,,,,,,,
2439,PURI,,,WORKING,,,,,,,,
2440,PARADEEP,754142,,WORKING,,,,,,,,
2441,GOPALPUR,761002,,WORKING,,,,,,,,
2354,"SAMARLA KOTA CANAL, KAKINADA,EAST GODAVARI",533124,,WORKING,,,,,,,,
2355,"TULJE BAGH CANAL, TEKRI DRAIN,KAKINADA,EAST GODAVARI,",,,WORKING,,,,,,,,
3051,"BUDAMERU CANAL NR BDG AT NH-5, KEESARAPALLY,  KRISHNA",,,WORKING,,,,,,,,
2265,"CANAL UP STREAM OF CUNCOLIM INDL.EST. CUNCOLIM,SALCETE (1 KM FROM M/S NICOMENT INDUSTRIES)",,,WORKING,,,,,,,,
2268,CUMBARJUA CANAL CORLIM(DISCHARGE POINT OF SYNGENTA LIMITED),,,WORKING,,,,,,,,
2073,"NARMADA MAIN CANAL, NR. VILLAGE. LIMBADIA, DIST. GANDHINAGAR.",,,WORKING,,,,,,,,
2074,"TAPI CANAL AT VILLAGE UMARWADA, NEAR GIDC ESTATE OF PANOLI.",,,WORKING,,,,,,,,
1116,W.YAM. CANAL WC-4 DELHI PARALLEL BRANCH AT PANIPAT,,,WORKING,,,,,,,,
3461,"KANOLI CANAL AT ERANJIKKAL, KAZHEKODE",,,WORKING,,,,,,,,
3467,"UNTHITHODU AT ELOOR, ERNAKULAM",,,WORKING,,,,,,,,
3469,"PALAKKATTUTHAZHA-MTHODU AT PERUMBAVOOR, ERNAKULAM",,,WORKING,,,,,,,,
2428,JOBRA( ORIGIN OF TALAGANDA CNAL),,,WORKING,,,,,,,,
2429,"NAUBAZAR, CUTTACK CITY",,,WORKING,,,,,,,,
2430,"ATHARABANKI(WATER INTAKE POINT OF PPL, IFFCO & PPT)",,,WORKING,,,,,,,,
2932,"NARMADA MAIN CANAL (BEFORE ENTERING IN RAJASTHAN STATE), TEHSIL SANCHORE, JALORE",,,WORKING,,,,,,,,
2933,"GANG CANAL AT KHAKKA HEAR NEAR HINDUMAL KOT, GANGANAGAR",,,WORKING,,,,,,,,
2934,MASITAWALA HEAD HANUMANGARH,,,WORKING,,,,,,,,
1729,"NEAR PRAGATI VIDYABHAWAN, AGARTALA",,,WORKING,,,,,,,,
2512,"NOAI CANAL NORTH 24 PARGANAS, NEAR GANGA NAGAR MOTIBRIDGE",,,WORKING,,,,,,,,
2513,"KHARDA CANAL NORTH 24 PARGANAS, NEAR JAYSHREE CHEMICAL INDUSTRY",,,WORKING,,,,,,,,
3052,"GUNTATHIPPA DRAIN B/C WITH RYVES CANAL AT RAMAVARAPPADU,  KRISHNA",,,WORKING,,,,,,,,
3053,"TULIA BAGH DRAIN AT VEMULAVADA,  EAST GODAVARI",,,WORKING,,,,,,,,
3054,"OUTLET OF ASH POND EFFLUENTS OF M/S.NTPC, RAMAGUNDAM,  KARIMNAGAR",,,WORKING,,,,,,,,
3055,"TREATED EFFLUENTS OF 339 MLD STP, AMBERPET, HYDERABAD BEFORE JOINING TO MUSI,  HYDERABAD",,,WORKING,,,,,,,,
3056,"OUTLET OF STP, LANGARHOUSE LAKE,  RANGA REDDY",,,WORKING,,,,,,,,
3057,"OUTLET OF STP, NAGOLE ON RIVER MUSI,  RANGA REDDY",,,WORKING,,,,,,,,
3058,"OUTLET OF STP, KHAIRATABAD ON HUSSAINSAGAR LAKE, RANGA REDDY",,,WORKING,,,,,,,,
3059,"OUTLET OF STP, SAFILGUDA LAKE, RANGA REDDY",,,WORKING,,,,,,,,
3060,"OUTLET OF STP, DURGAM CHERUVU, RANGAREDDY",,,WORKING,,,,,,,,
3061,"OUTLET OF STP, NALLACHERUVU ON MUSI,  RANGAREDDY",,,WORKING,,,,,,,,
3062,"OUTLET OF STP, SAROOR NAGAR, RANGAREDDY",,,WORKING,,,,,,,,
3063,"OUTLET OF STP ON RIVER GODAVARI AT MANCHERIAL,  ADILABAD",,,WORKING,,,,,,,,
3064,"OUTLET OF 4MLD STP ON RIVER GODAVARI AT RAMAGUNDAM,  KARIMNAGAR",,,WORKING,,,,,,,,
3065,"OUTLET OF 14MLD STP ON GODAVARI, RAMAGUNDAM,  KARIMNAGAR",,,WORKING,,,,,,,,
3066,"OUTLET OF STP ON GODAVARI, BHADRACHALAM,  KHAMMAM",,,WORKING,,,,,,,,
3067,"OUTLET OF STP ON GODAVARI, RAJAHMUNDRY,  EAST GODAVARI",,,WORKING,,,,,,,,
2178,CHIKHALI NALLAH MEETS GODAVARI RIVER.,,,WORKING,,,,,,,,
2782,"RABODI NALLAH, RABODI, THANE",,,WORKING,,,,,,,,
2783,"COLOUR CHEMICAL NALLAH, VILLAGE- MAJIWADA, THANE",,,WORKING,,,,,,,,
2784,"SANDOZ NALLAH, SANDOZBAUG, THANE",,,WORKING,,,,,,,,
2786,TARAPUR MIDC NALLA ( NEAR SUMP 1),,,WORKING,,,,,,,,
2787,"TARAPUR MIDC NALLA (NEAR SUMP 2), TARAPUR, PALGHAR, THANE",,,WORKING,,,,,,,,
2788,"TARAPUR MIDC NALLA (NEAR SUMP 3), MIDC TARAPUR, PALGHAR, THANE",,,WORKING,,,,,,,,
2789,"NALLA AT D/S ALKAI MANDIR, SOLAPUR, VILLAGE-ALKAI, TAL: MALSHIRAJ, DIST: SOLAPUR",,,WORKING,,,,,,,,
2790,PIMPAL-PANERI NALLA  AT RATNAGIRI NEAR FINOLEX INDUSTRIES AT YAHGANIGAON.,,,WORKING,,,,,,,,
1475,ZUARI AT PANCHAWADI,,,WORKING,,,,,,,,
3181,RIVER ZUARI AT BORIM BRIDGE,,,WORKING,,,,,,,,
3182,RIVER ZUARI AT MARCAIM JETTY,,,WORKING,,,,,,,,
1400,MANDOVI AT NEGHBOURHOOD OF PANAJI,,,WORKING,,,,,,,,
1476,"MANDOVI AT TONCA, MARCELA",,,WORKING,,,,,,,,
3185,MANDOVI AT AMONA BRIDGE,,,WORKING,,,,,,,,
3186,RIVER MANDOVI AT IFFI JETTY,,,WORKING,,,,,,,,
3187,MANDOVI NEAR HOTEL MARRIOT,,,WORKING,,,,,,,,
1543,KALNA AT CHANDEL- PERNEM,,,WORKING,,,,,,,,
1548,RIVER ASSONORA AT ASSONORA,,,WORKING,,,,,,,,
2276,"BICHOLIM VARAZAN NAGAR, BICHOLIM",,,WORKING,,,,,,,,
2275,"RIVER CHAPORA NEAR ALORNA FORT ,PERNEM",,,WORKING,,,,,,,,
3189,RIVER CHAPORA AT SIOLIM,,,WORKING,,,,,,,,
1546,KHANDEPAR AT OPA - PONDA,,,WORKING,,,,,,,,
2270,"KHANDEPAR AT CODLI NR BDG, U/S OPA WATERWORKS,SANGUEM",,,WORKING,,,,,,,,
2272,"RIVER KUSHAWATI NEAR BUND AT KEVONA,RIVON,SANGUEM",,,WORKING,,,,,,,,
1545,RIVER MADAI AT DABOS -  VALPOI,,,WORKING,,,,,,,,
2274,RIVER MAPUSA ON CULVERT ON HIGHWAY MAPUSA-PANAJI,,,WORKING,,,,,,,,
2271,"SAL PAZORKHONI, CUNCOLIM (NEAR CULVERT MARGAO- CANACONA NATIONAL HIGHWAY)",,,WORKING,,,,,,,,
2273,"RIVER SAL NEAR HOTEL LEELA MOBOR,CAVELOSSIM",,,WORKING,,,,,,,,
3183,"SAL AT KHAREBAND, MARGAO",,,WORKING,,,,,,,,
3184,"SAL AT ORLIM BRIDGE, ORLIM",,,WORKING,,,,,,,,
3190,RIVER SINQUERIM (CANDOLIM SIDE NEAR BRIDGE),,,WORKING,,,,,,,,
3191,RIVER SINQUERIM NEAR NERUL TEMPLE,,,WORKING,,,,,,,,
1547,RIVER TALPONA AT CANACONA,,,WORKING,,,,,,,,
3188,RIVER TIRACOL AT TIRACOL,,,WORKING,,,,,,,,
1544,VALVANT AT SANKLI - BICHOLIM,,,WORKING,,,,,,,,
1150,DAMANGANGA AT KACHIGAON U\S AT GIDC WIER,,,WORKING,,,,,,,,
1865,RIVER DHADAR AT KOTHADA,,,WORKING,,,,,,,,
1434,AMLAKHADI AFTER CONFL. OF W. WATER FROM ANKLESHWAR,,,WORKING,,,,,,,,
1980,AMLAKHADI AT PUNGAM ANKLESHWAR DISTT BHARUCH,,,WORKING,,,,,,,,
1149,KOLAK AT PATALIA BDG,,,WORKING,,,,,,,,
1023,GHAGGAR AT MUBARAKPUR REST HOUSE (PATIALA),,,WORKING,,,,,,,,
1024,GHAGGAR AT 100M D/S CONF. WITH R. SARASWATI (PATIALA),,,WORKING,,,,,,,,
1295,"GHAGGAR NEAR BANKARPUR,DERA BASSI",,,WORKING,,,,,,,,
1473,"GHAGGAR AT RATANHERI, D/S OF PATIALA NADI (AFTER CONFL.)",,,WORKING,,,,,,,,
1698,"GHAGGAR AT D/S CHHATBIR, PUNJAB",,,WORKING,,,,,,,,
1699,GHAGGAR AT U/S DHAKANSU NALLAH,,,WORKING,,,,,,,,
1700,GHAGGAR AT D/S DHAKANSU NALLAH,,,WORKING,,,,,,,,
1701,GHAGGAR AT D/S JHARMAL NADI,,,WORKING,,,,,,,,
1702,GHAGGAR AT U/S JHARMAL NADI,,,WORKING,,,,,,,,
1703,GHAGGAR AT MOONAK,,,WORKING,,,,,,,,
1704,GHAGGAR AT D/S SARDULGARH,,,WORKING,,,,,,,,
1705,GHAGGAR AT U/S SARDULGARH,,,WORKING,,,,,,,,
1718,GAGGAR RIVER WHEN ENTERING IN RAJASTHAN FROM HARYANA NEAR RD NO. 629,,,WORKING,,,,,,,,
1871,"RIVER MARKANDA AT PAONTA, DISTT. SIRMOUR",,,WORKING,,,,,,,,
2624,MARKANDA U/S KALA AMB,,,WORKING,,,,,,,,
2625,MARKANDA D/S KALA AMB/ BOUNDARY OF HARYANA,,,WORKING,,,,,,,,
1870,"RIVER SUKHANA AT PARWANOO, DISTT. SOLAN",,,WORKING,,,,,,,,
2947,"JAWAI AT JAWAI DAM, SIROHI",,,WORKING,,,,,,,,
1717,"KODRA DAM, MOUNT ABU",,,WORKING,,,,,,,,
2948,"BANDI AT HEMAWAS DAM, PAL",,,WORKING,,,,,,,,
2949,"RIVER LUNI AT RANAKPUR DAM, RANAKPUR, PALI",,,WORKING,,,,,,,,
1342,ACHENKOIL AT THUMPAMON,,,WORKING,,,,,,,,
1443,ACHENKOIL AT CHENNITHULA,,,WORKING,,,,,,,,
3465,"ACHENKOIL AT KALLARAKADAVU, PATHANAMTHITTA",,,WORKING,,,,,,,,
3466,"ACHENKOIL AT PANDALAM (NEAR AYYAPPA TEMPLE), PATHANAMTHITTA",,,WORKING,,,,,,,,
2297,R ANCHARAKANDY AT MERUVAMBA,,,WORKING,,,,,,,,
2319,R ANCHARAKANDY AT MERUVAMBA,,,WORKING,,,,,,,,
2286,R AYROOR AT AYROOR BRIDGE,,,WORKING,,,,,,,,
2331,R BHARATHAPUZHA AT KUTTIPPURAM,,,WORKING,,,,,,,,
2332,R BHARATHAPUZHA AT PATTAMBI,,,WORKING,,,,,,,,
1154,CHALAKUDY AT PULICKALKA-DAVU,,,WORKING,,,,,,,,
20,CHALIYAR AT KOOLIMADU,,,WORKING,,,,,,,,
21,CHALIYAR AT CHUNGAPALLY,,,WORKING,,,,,,,,
3464,"CHALIYAR AT NILAMBUR, MALAPPURAM",,,WORKING,,,,,,,,
1572,CHANDRAGIRI AT PADIYATHADKA,,,WORKING,,,,,,,,
1573,CHITRAPUZHA AT IRUMPANAM,,,WORKING,,,,,,,,
2295,R CORAPUZHA AT KANAYANKODE,,,WORKING,,,,,,,,
1564,"R ITHIKKARA AT AYUR, KERALA",,,WORKING,,,,,,,,
2287,R ITHIKKARA AT ITHIKKARA,,,WORKING,,,,,,,,
1566,R KADALUNDI AT THIRURANGADY,,,WORKING,,,,,,,,
2293,R KADALUNDI AT HAJIRAPPALLY,,,WORKING,,,,,,,,
2337,KADAMBAYAR AT BRAHMAPURAM,,,WORKING,,,,,,,,
2338,KADAMBAYAR AT MANCKAKADAVU,,,WORKING,,,,,,,,
42,"KALLADA AT PERUMTHOTTAM KADAVU, PUNALOOR",,,WORKING,,,,,,,,
2294,R KALLAI AT KALLAI BRIDGE,,,WORKING,,,,,,,,
3460,"KALPATHI PUZHA AT KALPATHI, PALAKKAD",,,WORKING,,,,,,,,
3458,KARAPUZHA DAM AT WAYANAD,,,WORKING,,,,,,,,
1571,R KARINGODE AT KAKKADAVU,,,WORKING,,,,,,,,
1155,KARAMANA AT MOONNATTUMUKKU,,,WORKING,,,,,,,,
3471,"RIVER KARAMANA AT ARUVIKARA, THIRUVANANTHAPURAM",,,WORKING,,,,,,,,
2289,R KARUVANNURR AT KARUVANNUR BRIDGE,,,WORKING,,,,,,,,
2301,R KAVVAI AT KUTTIYOL PALAM,,,WORKING,,,,,,,,
2291,R KEECHERI AT VADAKKANCHERY BRIDGE,,,WORKING,,,,,,,,
2326,R KORAYAR AT KANJIKODE,,,WORKING,,,,,,,,
1569,R KUPPAM AT THALIPARAMBA,,,WORKING,,,,,,,,
2298,R KUPPAM AT RAYAROM,,,WORKING,,,,,,,,
1567,R KUTTIYADE AT KUTTIYADY ESTATE,,,WORKING,,,,,,,,
1568,"R MAHE AT VALAYAM, KERALA",,,WORKING,,,,,,,,
2285,R MAMOM AT MAMOM BRIDGE,,,WORKING,,,,,,,,
1340,MANIMALA  AT KALLOOPARA,,,WORKING,,,,,,,,
1384,MANIMALA AT THONDRA,,,WORKING,,,,,,,,
3459,"MANIYANKODE PUZHA AT MANIYANKODE BRIDGE, WAYANAD",,,WORKING,,,,,,,,
2307,R MANJESWAR AT BAJRAKKARA BR.,,,WORKING,,,,,,,,
1339,MEENACHIL AT KIDANGOOR,,,WORKING,,,,,,,,
2304,R MOGRAL AT MOGRAL BR.,,,WORKING,,,,,,,,
43,MUVATTAPUZHA AT VETTIKKATTUMUKKU,,,WORKING,,,,,,,,
2302,R NEELASWARAM AT NAMBIARKAL DAM,,,WORKING,,,,,,,,
1570,R NEELESWARAM AT HOSDURG,,,WORKING,,,,,,,,
1563,R NEYYAR AT AMARAVILA,,,WORKING,,,,,,,,
2284,R NEYYAR AT ARUVIPURAM,,,WORKING,,,,,,,,
2288,R PALLICKAL AT NELLIMUKAL,,,WORKING,,,,,,,,
1156,PAMBA AT CHENGANNUR,,,WORKING,,,,,,,,
1341,PAMBA AT THAKAZHY,,,WORKING,,,,,,,,
1565,PAMBA DOWN,,,WORKING,,,,,,,,
17,PERIYAR NEAR ALWAYE-ELOOR,,,WORKING,,,,,,,,
18,PERIYAR AT KALADY,,,WORKING,,,,,,,,
1338,PERIYAR AT SEWAGE DISCHARGE POINT,,,WORKING,,,,,,,,
2333,PERIYAR AT MUPPATHADAM,,,WORKING,,,,,,,,
2334,RIVER PERIYAR AT PATHALAM,,,WORKING,,,,,,,,
2335,R PERIYAR AT KALAMASSERY,,,WORKING,,,,,,,,
2336,R PERIYAR AT PURAPPALLIKAVU,,,WORKING,,,,,,,,
3468,"PERIYAR AT KWA INTAKE- ALUVA, ERNAKULAM",,,WORKING,,,,,,,,
2300,PERUVAMBA AT CHANDAPPURA,,,WORKING,,,,,,,,
2303,R PULLUR AT PULLUR BR.,,,WORKING,,,,,,,,
2290,R PUZHACKAL AT PUZHACKAL BRIDGE,,,WORKING,,,,,,,,
2299,R RAMAPURAM AT RAMAPURAM BRIDGE,,,WORKING,,,,,,,,
2305,R SHRIYA AT ANGADIMOGARU,,,WORKING,,,,,,,,
2296,THALLASSERY AT PATHIPPALAM,,,WORKING,,,,,,,,
2292,R THIRUR AT THALAKKADATHUR BRIDGE,,,WORKING,,,,,,,,
2306,R UPPALA AT  UPPALA BR.,,,WORKING,,,,,,,,
3473,"RIVER VALAPATTANAM AT PARASSINIKADAVU, KANNUR",,,WORKING,,,,,,,,
1442,VAMANAPURAM,,,WORKING,,,,,,,,
1391,"HUSSAIN SAGAR LAKE, BUDAMERU",,,WORKING,,,,,,,,
1447,DHARMASAGAR TANK NEAR WARANGAL,,,WORKING,,,,,,,,
1464,BIBINAGAR TANK,,,WORKING,,,,,,,,
1780,"GANDIGUDEM ,MEDAK",,,WORKING,,,,,,,,
1783,"KISTAREDDYPET TANK , MEDAK",,,WORKING,,,,,,,,
1788,"SAROONAGAR , RANGA REDDY",,,WORKING,,,,,,,,
1789,"HIMAYAT SAGAR LAKE , R.R.",,,WORKING,,,,,,,,
1790,"PULICATE LAKE ,  NELLORE",,,WORKING,,,,,,,,
2340,"LAXMINARAYANA CHEVURU AT EDULABAD,RANGAREDDY",,,WORKING,,,,,,,,
2341,"MIRALAM LAKE NEAR ZOO PARK, RANGAREDDY",,,WORKING,,,,,,,,
2342,"NOOR MD. KUNTA, KATTEDAN, RANGAREDDY",,,WORKING,,,,,,,,
2343,"PREMAJIPET TANK, KATTEDAN, RANGAREDDY",,,WORKING,,,,,,,,
2344,"NALLA CHEVURU,RANGAREDDY",,,WORKING,,,,,,,,
2345,"SAI CHEVURU, NEAR TANNERY INDUSTRIES, DESAIPET, WARANGAL",,,WORKING,,,,,,,,
2346,"BHADRAKALI CHEVURU, BHADRAKALI TEMPLE, WARANGAL",,,WORKING,,,,,,,,
2353,"KONDACHARLA-AAVA LAKE,PARAWADA PHARMA CITY,VISHAKHAPATNAM",,,WORKING,,,,,,,,
2357,DURGAM CHEVURU,,,WORKING,,,,,,,,
2358,MALLAPUR TANK,,,WORKING,,,,,,,,
2359,PEDDA CHEVURU,,,WORKING,,,,,,,,
3068,"RAMAPPA LAKE,  WARANGAL",,,WORKING,,,,,,,,
3069,"SHAMEERPET LAKE, SHAMEERPET, RANGA REDDY",,,WORKING,,,,,,,,
3070,"FOX SAGAR, JEEDIMETLA,  RANGA REDDY",,,WORKING,,,,,,,,
3071,"LANGARHOUSE LAKE, HYDERABAD",,,WORKING,,,,,,,,
3072,"SAFILGUDA LAKE,  RANGA REDDY",,,WORKING,,,,,,,,
3073,"HASMATHPET LAKE, HASMATHPET,  RANGA REDDY",,,WORKING,,,,,,,,
3074,"BANJARA LAKE, BANJARA HILLS,  RANGA REDDY",,,WORKING,,,,,,,,
3075,"RANGADHAMUNI CHERUVU,  RANGA REDDY",,,WORKING,,,,,,,,
3076,"AMBER CHERUVU, KUKATPALLY,  RANGA REDDY",,,WORKING,,,,,,,,
3077,"KAPRA CHERUVU, KAPRA,  RANGA REDDY",,,WORKING,,,,,,,,
3078,"PRAGATHINAGAR CHERUVU, KUKATPALLY,  RANGA REDDY",,,WORKING,,,,,,,,
3084,"WADDEPALLY TANK, KAZIPET,  WARANGAL",,,WORKING,,,,,,,,
3085,"CHINNA WADDEPALLY TANK,  WARANGAL",,,WORKING,,,,,,,,
3086,"SAKI TANK, PATANCHERU,  RANGA REDDY",,,WORKING,,,,,,,,
1388,ULSOOR LAKE TRAINING CENTRE OF FISH BREEDING,,,WORKING,,,,,,,,
1446,HEBALLA VALLEY LAKE AT D/S ROAD BRIDGE NR. MANDYA,,,WORKING,,,,,,,,
1383,ORUVATHILKOTTA LAKE,,,WORKING,,,,,,,,
1385,SASTHAMCOTTA LAKE,,,WORKING,,,,,,,,
1441,ASHTHAMUDI LAKE AT QUILON,,,WORKING,,,,,,,,
1574,PARAVUR,,,WORKING,,,,,,,,
1575,KOCHI (OIL TANKER JETTY),,,WORKING,,,,,,,,
1576,THEKKADY,,,WORKING,,,,,,,,
1577,KODUNGALLOOR,,,WORKING,,,,,,,,
1578,KAYAMKULAM,,,WORKING,,,,,,,,
1579,ALAPPUZHA,,,WORKING,,,,,,,,
1580,POOKOTE,,,WORKING,,,,,,,,
2312,LAKE VEMBANADU AT PATHIRAMANAL (ALAPPUZHA),,,WORKING,,,,,,,,
2318,PAZHASSI RESERVOIR (KANNUR),,,WORKING,,,,,,,,
2325,POND AT (PADMANABHA) SREE PADMANABHA SWAMY TEMPLE (TVPM),,,WORKING,,,,,,,,
2328,RSVR AT MALAMPUZHA,,,WORKING,,,,,,,,
2329,RSVR AT BHOOTHATHANKETU,,,WORKING,,,,,,,,
2330,RSVR AT EDAMALAYAR,,,WORKING,,,,,,,,
3462,MANANCHIRA POND AT KOZHEKODE,,,WORKING,,,,,,,,
3470,"VELLAYANI LAKE AT VANDITHADOM, THIRUVANANTHAPURAM",,,WORKING,,,,,,,,
1420,KODAI KANAL LAKE,,,WORKING,,,,,,,,
1421,UDHAGAMADALEM LAKE (OOTY),,,WORKING,,,,,,,,
1452,"YERCAUD LAKE, SALEM",,,WORKING,,,,,,,,
3007,VEERANAM LAKE AT CUDDALORE,,,WORKING,,,,,,,,
3010,PORUR LAKE AT THIRUVALLUR,,,WORKING,,,,,,,,
2205,MER BEEL AT MADHABPUR,,,WORKING,,,,,,,,
2206,DALONI BEEL NEAR JOGIGHOPA,,,WORKING,,,,,,,,
1263,ELANGABEEL SYSTEM POND (CONNECTED TO R. KOLANG),,,WORKING,,,,,,,,
2207,BOR BEEL AT JAKAI.,,,WORKING,,,,,,,,
2208,"BORPUKHURI, NAZIRA",,,WORKING,,,,,,,,
2209,"GAURISAGAR TANK, GAURISAGAR",,,WORKING,,,,,,,,
2210,"RAJMAW PUKHURI, JORHAT",,,WORKING,,,,,,,,
2211,"PADUMPUKHURI, TEZPUR",,,WORKING,,,,,,,,
2212,"GOPHUR TANK, GOPHUR",,,WORKING,,,,,,,,
2213,"JAIPAL PUKHURI, SIPAJHAR",,,WORKING,,,,,,,,
2214,"BOTODRIVA SATRA POND, NAGAON",,,WORKING,,,,,,,,
2215,SARAN BEEL,,,WORKING,,,,,,,,
2216,"DIGHALI PUKHURI, GUWAHATI",,,WORKING,,,,,,,,
2217,"SUBHAGYA KUNDA POND KAMAKHYA TEMPLE, GUWAHATI",,,WORKING,,,,,,,,
2218,"DEEPAR BEEL AT BORAGAON NEAR IASST, GUWAHATI",,,WORKING,,,,,,,,
2219,"BISHNU PUSKAR PUKHURI OF HAYAGRIB MADHAB TEMPLE, HAJO",,,WORKING,,,,,,,,
2220,"CHAND DUBI BEEL, CHAND DUBI",,,WORKING,,,,,,,,
2221,"GANGA PUKHURI, NALBARI (GORDON SCHOOL)",,,WORKING,,,,,,,,
2222,RAJADINIA PUKHURI AT ABHAYAPURI,,,WORKING,,,,,,,,
2223,MAHAMAYA MANDIR PUKHURI,,,WORKING,,,,,,,,
2224,RAJAPUKHURI AT GAURIPUR,,,WORKING,,,,,,,,
2225,"BASKANDI POND INSIDE THE BASKANDI MADRASA, BASKANDI",,,WORKING,,,,,,,,
2226,SIVASAGAR TANK (BORPUKHURI) NEAR SIVADOL,,,WORKING,,,,,,,,
2227,"HORDAI PUKHURI, CHARAIDEW",,,WORKING,,,,,,,,
2228,GALA BEEL AT DERGAON,,,WORKING,,,,,,,,
1532,"*GOYSAGAR TANK, SIBSAGAR",,,WORKING,,,,,,,,
1347,UMIAM LAKE AT BARAPANI,,,WORKING,,,,,,,,
3346,UMIAM LAKE AT OUTFALL OF UMIAM RIVER,,,WORKING,,,,,,,,
3347,UMIAM LAKE MIDDLE POINT,,,WORKING,,,,,,,,
3348,UMIAM LAKE NEAR UNITED CHRISTIAN COLLEGE,,,WORKING,,,,,,,,
1348,"WARD LAKE AT SHILONG EAST,KHASI HILL DT.",,,WORKING,,,,,,,,
1459,THADLASKEIN LAKE,,,WORKING,,,,,,,,
3349,TASEK LAKE AT SONGSAK,,,WORKING,,,,,,,,
1727,LAXMI NARAYAN BARI PALACE COMPOUND,,,WORKING,,,,,,,,
1728,"RUDRASAGAR, SONUMURA",,,WORKING,,,,,,,,
2437,CHILKA LAKE (RAMSAR SITE),,,WORKING,,,,,,,,
2438,ANSHUPA,,,WORKING,,,,,,,,
2431,BINDUSAGAR ( RELIGIOUS POND OF BHUBANESWAR CITY),,,WORKING,,,,,,,,
2432,NARENDRA POKHARI ( RILIGIOUS POND OF PURI CITY),,,WORKING,,,,,,,,
2433,MARKANDA POKHARI ( RILIGIOUS POND OF PURI CITY),,,WORKING,,,,,,,,
2434,INDRADYUMNA TANK ( RILIGIOUS POND OF PURI CITY),,,WORKING,,,,,,,,
2435,SWETAGANGA ( RILIGIOUS POND OF PURI CITY),,,WORKING,,,,,,,,
2436,PARVATI SAGAR ( RILIGIOUS POND OF PURI CITY),,,WORKING,,,,,,,,
1765,"RABINDRASAROVAR NATIONAL LAKE, CALCUTTA",,,WORKING,,,,,,,,
2503,HATISHALA GHAT ON DUDHPUKUR AT TARAKESHWAR,,,WORKING,,,,,,,,
2504,MAINH GHAT ON DUDHPUKUR AT TARAKESHWAR,,,WORKING,,,,,,,,
2505,HUNUMAN GHAT ON DUDHPUKUR AT TARAKESHWAR,,,WORKING,,,,,,,,
2519,KOCHBIHAR LAKE (SAGAR DIGHI),,,WORKING,,,,,,,,
2520,MIRIKH LAKE,,,WORKING,,,,,,,,
2521,WATER RESERVIOR AT DELO,,,WORKING,,,,,,,,
2522,SINCHAL LAKE FOR DARJEELING,,,WORKING,,,,,,,,
2539,BELBONI LAKE NEAR BARJORA,,,WORKING,,,,,,,,
2544,SAHEBBANDH AT PURULIA,,,WORKING,,,,,,,,
1291,GOBINDSAGAR LAKE AT BILASPUR,,,WORKING,,,,,,,,
1429,"RENUKA LAKE , 35 KM FROM PATNA SAHIB NORTH",,,WORKING,,,,,,,,
2649,RIWALSAR LAKE,,,WORKING,,,,,,,,
1382,HARIKE LAKE D/S FROM CANAL,,,WORKING,,,,,,,,
1364,RAMGARH LAKE,,,WORKING,,,,,,,,
2499,"SAMARPUR JHEEL, RAEBARELI",,,WORKING,,,,,,,,
1549,SALAULIM LAKE AT SALAULIM - SANGUEM,,,WORKING,,,,,,,,
2269,"MAYEM LAKE, BICHOLIM",,,WORKING,,,,,,,,
3176,RUMDER LAKE,,,WORKING,,,,,,,,
3178,RAIA LAKE,,,WORKING,,,,,,,,
3179,SAIPEM LAKE,,,WORKING,,,,,,,,
3180,CURTORIM LAKE,,,WORKING,,,,,,,,
1345,"AJWAH LAKE AT SRI SAYAJI SABVAR,BARODA",,,WORKING,,,,,,,,
1346,SURSAGAR LAKE AT BARODA,,,WORKING,,,,,,,,
1972,"NALSAROVAR LAKE (SANAND), DIST.AHMEDABAD",,,WORKING,,,,,,,,
1977,CITY LAKE OF NADIAD,,,WORKING,,,,,,,,
2076,ANKLESHWAR RESERVOIR AT GIDC ANKLESHWAR AT VALIA ROAD.,,,WORKING,,,,,,,,
1373,UPPER LAKE AT BHOPAL (INTAKE POINT),,,WORKING,,,,,,,,
2137,UPPER LAKE AT YATCH CLUB,,,WORKING,,,,,,,,
2138,UPPER LAKE AT KARBALA CLUB,,,WORKING,,,,,,,,
2139,UPPER LAKE AT BAIRAGARH CLUB,,,WORKING,,,,,,,,
1374,LOWER LAKE AT BHOPAL OUTLET,,,WORKING,,,,,,,,
1466,MULTAI TANK LAKE AT VILLA. KHARI ON BETUL-AMRAVATI ROAD,,,WORKING,,,,,,,,
2128,KHANDARI RESERVOIR WATER OFF TAKE POINT,,,WORKING,,,,,,,,
2130,"MADHAV LAKE, SHIVPURI",,,WORKING,,,,,,,,
2131,YASHWANT SAGAR AT INDORE,,,WORKING,,,,,,,,
2132,BILAWALI TALAB AT INDORE,,,WORKING,,,,,,,,
2133,SIRPUR TALAB AT INDORE,,,WORKING,,,,,,,,
2134,NAGCHUN TALAB AT KHANDWA,,,WORKING,,,,,,,,
2135,GOVINDGARH TANK,,,WORKING,,,,,,,,
2136,"SHAHPURA LAKE AT WEIR NEAR AYUSHMAN HOSPITAL, BHOPAL",,,WORKING,,,,,,,,
2140,"KERWA DAM NEAR REST HOUSE, BPL",,,WORKING,,,,,,,,
2141,JANUNIA TALAB NEAR W/S,,,WORKING,,,,,,,,
3300,"RANITAL TALAB, JABALPUR",,,WORKING,,,,,,,,
3301,MOTI TALAB AT BALAGHAT,,,WORKING,,,,,,,,
3303,"RANI TALAB, REWA",,,WORKING,,,,,,,,
1285,PICHOLA LAKE AT UDAIPUR (WATER INTAKE POINT),,,WORKING,,,,,,,,
1286,UDAISAGAR LAKE AT UDAIPUR (INTAKE PT.),,,WORKING,,,,,,,,
1414,PUSHKAR LAKE,,,WORKING,,,,,,,,
1481,FATEH SAGAR LAKE AT UDAIPUR INTAKE POINT OF PHED,,,WORKING,,,,,,,,
1714,KAYALANA JHEEL JODHPUR,,,WORKING,,,,,,,,
1716,"NAKKI LAKE, MT. ABU",,,WORKING,,,,,,,,
2935,"LAKE JET SAGAR, BUNDI",,,WORKING,,,,,,,,
2936,"JAISAMAND LAKE, ALWAR",,,WORKING,,,,,,,,
2941,"LAKE JAISAMAND, SALUMBER, UDAIPUR, POINT NO. 1",,,WORKING,,,,,,,,
2942,"LAKE JAISAMAND, SALUMBER, UDAIPUR, POINT NO. 2",,,WORKING,,,,,,,,
2937,"LAKE SILISERH, ALWAR",,,WORKING,,,,,,,,
2938,"LAKE RAJSAMAND, RAJSAMAND- POINT NO. 1, RAJSAMAND",,,WORKING,,,,,,,,
2939,"LAKE RAJSAMAND, RAJSAMAND- POINT NO. 2, RAJSAMAND",,,WORKING,,,,,,,,
2940,"GAPE- SAGAR LAKE, DUNGARPUR",,,WORKING,,,,,,,,
2943,"LODHA TALAB, BANSWARA- DUNGARPUR ROAD, BANSWARA",,,WORKING,,,,,,,,
2944,"JALMAHAL, JAIPUR",,,WORKING,,,,,,,,
2651,"AMBA AT D/S OF WAKEN BRIDGE-U/S OF JS PETROCHEMICALS, WAKENPHATA, ROHA",,,WORKING,,,,,,,,
1461,BHATSA AT D/S OF PISE DAM NEAR PISE VILLAGE (ULHAS),,,WORKING,,,,,,,,
2653,"BHATSA AT D/S OF LIBERTY OIL MILLS, SATNEL, SHAHAPUR,THANE",,,WORKING,,,,,,,,
2654,"BHATSA AT U/S OF LIBERTY OIL MILLS, SATNEL, SHAHAPUR, THANE",,,WORKING,,,,,,,,
1092,KALU AT ATALE VILLAGE,,,WORKING,,,,,,,,
2670,"KAN RIVER, NEAR SAKRI WATER WORKS, SAKRI, DHULE.",,,WORKING,,,,,,,,
1152,KUNDALIKA AT ROHA CITY,,,WORKING,,,,,,,,
2198,KUNDALIKA RIVER AT ARE KHURD ( SALINE ZONE ),,,WORKING,,,,,,,,
2671,"KUNDALIKA RIVER NEAR SALAV BRIDGE (SALINA ZONE), SALAV, ROHA, RAIGAD",,,WORKING,,,,,,,,
2672,"KUNDALIKA AT DHATAV AT JACKWELL (DRINKING WATER  PUMPING STATION-SWEET ZONE), ROHA",,,WORKING,,,,,,,,
2168,MITHI RIVER,,,WORKING,,,,,,,,
2676,"MUCHKUNDI RIVER AT  WAKED, NEAR M/S ASAHI INDIA GLASS LTD., LANJA, RATNAGIRI.",,,WORKING,,,,,,,,
1151,PATALGANGA AT SHILPHATA,,,WORKING,,,,,,,,
1462,PATALGANGA NEAR INTAKE OF MIDC W/W,,,WORKING,,,,,,,,
2685,"PATALGANGA RIVER AT D/S OF KHARPADA BRIDGE, RAIGAD.",,,WORKING,,,,,,,,
2686,"PATALGANGA RIVER AT VYAL PUMP HOUSE , KHALAPUR, RAIGAD.",,,WORKING,,,,,,,,
2687,"PATALGANGA RIVER AT KHALAPUR PUMPING STATION, KHALAPUR, RAIGAD.",,,WORKING,,,,,,,,
2688,"PATALGANGA RIVER AT SAVROLI BRIDGE, KHALAPUR, RAIGAD.",,,WORKING,,,,,,,,
2689,"PATALGANGA RIVER AT GAGANGIRI MAHARAJ TEMPLE, KHOPOLI, RAIGAD.",,,WORKING,,,,,,,,
2696,"PEHLAR DAM ON PEHLAR RIVER INLET OF WATER WORKS, VASAI, THANE.",,,WORKING,,,,,,,,
2199,SAVITRI RIVER AT OVALE VILLAGE.,,,WORKING,,,,,,,,
2701,"SAVITRI RIVER JACKWELL AT UPSA KENDRE, NANGALWADI, MAHAD, RAIGAD",,,WORKING,,,,,,,,
2702,"SAVITRI RIVER AT SHEDAV DOH, MAHAD,RAIGAD",,,WORKING,,,,,,,,
2703,"SAVITRI RIVER AT DADLI BRIDGE, DADLI, MAHAD, RAIGADH",,,WORKING,,,,,,,,
2704,"SAVITRI RIVER AT MUTHAVALI VILLAGE, MAHAD, RAIGADH",,,WORKING,,,,,,,,
2706,"SURYA RIVER, U/S OF SURYA DAM, DHAMMI, VIKRAMGAD, THANE",,,WORKING,,,,,,,,
2707,"SURYA RIVER AT MIDC PUMPING STATION, GARVASHET, PALGHAR, THANE",,,WORKING,,,,,,,,
2708,"SURYA RIVER AT INTAKE OF VASAI-VIRAR W/S SCHEME, MASVAN, PALGHAR, THANE",,,WORKING,,,,,,,,
2709,"TANSA RIVER NEAR ROAD BRIDGE, VILLAGE DAKEWALI, WADA, THANE",,,WORKING,,,,,,,,
1093,ULHAS AT U/S OF NRC BUND AT MOHANE,,,WORKING,,,,,,,,
1094,ULHAS AT U/S OF BADLAPUR,,,WORKING,,,,,,,,
2162,ULHAS ATJAMBHUL WATER WORKS.,,,WORKING,,,,,,,,
2712,"VAITARNA RIVER NEAR ROAD BRIDGE, GANDHARE VILLAGE, WADA, THANE.",,,WORKING,,,,,,,,
2164,VASHISTI RIVER AT U/S OF THREE M PAPER MILLS NEAR M/S MULTIFILMS PLASTIC PVT. LTD. AT KHERDI.,,,WORKING,,,,,,,,
2713,"VASHISHTI RIVER AT D/S OF THREE M PAPER MILLS NEAR CHIPLUN WATER INTAKE JACKWELL, KHERDI, RATNAGIRI",,,WORKING,,,,,,,,
2714,"VASHISHTI RIVER AT U/S OF POPHALI NEAR KONPHANSAWANE BRIDGE, CHIPLUN, RATNAGIRI",,,WORKING,,,,,,,,
3383,"BUGI RIVER AT MIBANPARA, SOUTH GARO HILLS",,,WORKING,,,,,,,,
3384,"BUGI AT DALU, SOUTH GARO HILLS",,,WORKING,,,,,,,,
3380,"DAMRING RIVER (KRISHNEI RIVER) AT RESUBELPARA, EAST GARO HILLS",,,WORKING,,,,,,,,
1632,GANOL RIVER TURA,,,WORKING,,,,,,,,
1428,"KYRHUKHLA NEAR SUTNGA KHLIERIAT,JAINTIA HILLS DT.",,,WORKING,,,,,,,,
3369,"KYNSHI RIVER AT SOHIONG, WEST KHASI HILLS",,,WORKING,,,,,,,,
3370,"KYNSHI RIVER AT NANGKHNUM, WEST KHASI HILLS",,,WORKING,,,,,,,,
3371,"KYNSHI RIVER AT RANIKOR, WEST KHASI HILLS",,,WORKING,,,,,,,,
3375,LUKHA RIVER AT MYNDIHATI (TRIBUTARY OF LUNAR),,,WORKING,,,,,,,,
3376,LUKHA RIVER AT SUNAPUR (TRIBUTARY OF LUNAR),,,WORKING,,,,,,,,
3381,"MANDA RIVER (DUDHAI RIVER) AT JAMPA, EAST GARO HILLS",,,WORKING,,,,,,,,
3382,"MANDA RIVER (DUDHAI RIVER) AT WAGAISI, EAST GARO HILLS",,,WORKING,,,,,,,,
3377,"MYNTANG RIVER AT NARTIANG, JAYANTIA HILLS",,,WORKING,,,,,,,,
3378,"MYNTANG RIVER AT MYNSO, JAYANTIA HILLS",,,WORKING,,,,,,,,
1631,MYNTDU RIVER JOWAI,,,WORKING,,,,,,,,
3379,"MYNTDU RIVER AT LESHKA, JAYANTIA HILLS",,,WORKING,,,,,,,,
3367,"NONBAH RIVER AT NANGSTOIN MARKE, WEST KHASI HILLS",,,WORKING,,,,,,,,
3368,"NONBAH RIVER AT NANGSTOIN MARKE, WEST KHASI HILLS",,,WORKING,,,,,,,,
3372,"RILANG RIVER AT MAWKYRWAT, WEST KHASI HILLS",,,WORKING,,,,,,,,
1633,SIMSANG RIVER WILLIAMNAGAR,,,WORKING,,,,,,,,
3353,"UMIAM MAWPHLANG RIVER AT NONGKREM, EAST KHASI HILLS",,,WORKING,,,,,,,,
3354,"UMIAM MAWPHLANG RIVER AT UMTYNGNGAR, EAST KHASI HILLS",,,WORKING,,,,,,,,
3355,"UMIAM MAWPHLANG RIVER AT MAWPHLANG, EAST KHASI HILLS",,,WORKING,,,,,,,,
3356,"UMIAM MAWPHLANG RIVER AT SHELLA, EAST KHASI HILLS",,,WORKING,,,,,,,,
3350,UMKHEN AT WAHKDAIT,,,WORKING,,,,,,,,
3351,UMKHEN AT KSEHPONGDENG,,,WORKING,,,,,,,,
3352,"UMKHEN RIVER AT DIENGPASOH, EAST KHASI HILLS",,,WORKING,,,,,,,,
3359,"UMKHRAH RIVER AT DEMTHRING, SHILLONG",,,WORKING,,,,,,,,
3360,"UMKHRAH RIVER ATUMKALIAR, SHILLONG",,,WORKING,,,,,,,,
3361,"UMKHRAH RIVER ATMAWLAI, SLAUGHTER",,,WORKING,,,,,,,,
3362,"UMKHRAH RIVER AT MAWPDANG, MAWLAI",,,WORKING,,,,,,,,
3357,"UMNGOT RIVER AT SMIT, EAST KHASI HILLS",,,WORKING,,,,,,,,
3358,"UMNGOT RIVER AT DAWKI, EAST KHASI HILLS",,,WORKING,,,,,,,,
3363,"UMSHYRPI RIVER AT RISA COLONY, EAST KHASI HILLS",,,WORKING,,,,,,,,
3364,"UMSHYRPI AT LAW COLLEGE, DHANKETI, EAST KHASI HILLS",,,WORKING,,,,,,,,
3365,"UMSHYRPI AT UMSHYRPI BRIDGE, EAST KHASI HILLS",,,WORKING,,,,,,,,
1427,UMTREW AT BYRNIHAT EAST,,,WORKING,,,,,,,,
3366,"UMTREW RIVER AT UMRAN, RI- BHOI",,,WORKING,,,,,,,,
3373,"WAH BLEI AT RIANGDO, WEST KHASI HILLS",,,WORKING,,,,,,,,
3374,"WAH BLEI AT SHDADDKHAR, WEST KHASI HILLS",,,WORKING,,,,,,,,
2050,TLAWNG UPSTREAM AIZAWL,,,WORKING,,,,,,,,
2051,TLAWNG DOWNSTREAM AIZAWL,,,WORKING,,,,,,,,
2052,TUIRIAL UPPER CATCHMENT,,,WORKING,,,,,,,,
2053,TUIRIAL LOWER CATCHMENT,,,WORKING,,,,,,,,
1404,GUMTI AT D/S SOUTH TRIPURA,,,WORKING,,,,,,,,
1726,"CHANDRAPUR, AGARTALA D/S OF HAORA RIVER",,,WORKING,,,,,,,,
1241,NARMADA AT MANDLA NEAR ROAD BDG,,,WORKING,,,,,,,,
44,NARMADA AT SETHANIGHAT,,,WORKING,,,,,,,,
1234,NARMADA AT HOSHANGABAD U S,,,WORKING,,,,,,,,
2123,NARMADA AT KORIGHAT HOSHANGABAD,,,WORKING,,,,,,,,
1235,NARMADA AT HOSHANGABAD D S,,,WORKING,,,,,,,,
45,NARMADA AT MANDLESHWAR,,,WORKING,,,,,,,,
1239,NARMADA AT BADWANI,,,WORKING,,,,,,,,
1430,NARMADA AT D S OMKARESHWAR,,,WORKING,,,,,,,,
1431,NARMADA AT MAHESHWAR,,,WORKING,,,,,,,,
2099,"NARMADA LALPUR, JABALPUR",,,WORKING,,,,,,,,
2112,"RIVER NARMADA NEAR MORTAKKA BRIDGE, BADWAH",,,WORKING,,,,,,,,
2113,"RIVER NARMADA NEAR PUNASA DAM, PUNASA",,,WORKING,,,,,,,,
3322,"NARMADA AT MANDLA, NEAR SHAMSHANGHAT, JABALPUR",,,WORKING,,,,,,,,
7,NARMADA AT GARUDESHWAR,,,WORKING,,,,,,,,
1243,"NARMADA AT BHARUCH, ZADESHVAR",,,WORKING,,,,,,,,
1244,NARMADA AT PANETHA,,,WORKING,,,,,,,,
1245,NARMADA AT CHANDOD,,,WORKING,,,,,,,,
1981,"NARMADA AT ZANOR (NTPC), BHARUCH",,,WORKING,,,,,,,,
1236,CHOTA TAWA BEFORE CONFL. WITH RIVER NARMADA,,,WORKING,,,,,,,,
2114,KUNDA AT KHARGONE,,,WORKING,,,,,,,,
1255,"PENNAR B/C WITH CHITRAVATHI, TADPATRI, UNGANOORP.",,,WORKING,,,,,,,,
1256,"PENNAR AFTER CONF. WITH PAPAGNI,PUSPAGINI",,,WORKING,,,,,,,,
1257,"PENNAR AFTER CONF. WITH CHEYYURU,SOMASILE",,,WORKING,,,,,,,,
30,"PENNAR AT SIDDVATA, NELLORE",,,WORKING,,,,,,,,
1097,"RAVI AT U/S OF MADHOPUR HEADWORKS, GURDASPUR",,,WORKING,,,,,,,,
1290,PARVATI BEFORE CONF. TO BEAS,,,WORKING,,,,,,,,
2605,PARVATI AT U/S MANIKARAN,,,WORKING,,,,,,,,
2606,PARVATI AT D/S MANIKARAN,,,WORKING,,,,,,,,
1090,LARGI AT D/S,,,WORKING,,,,,,,,
1551,SIRSA AT U/S SITOMAJRI NALLAHGARH,,,WORKING,,,,,,,,
1552,SIRSA AT D/S NALAGARH BRIDGE,,,WORKING,,,,,,,,
1868,"SIRSA AT D/S NALAGARH, SOLAN",,,WORKING,,,,,,,,
2607,SUKETI KHAD AT D/S MANDI,,,WORKING,,,,,,,,
2610,SPITI AT KHAB,,,WORKING,,,,,,,,
2612,BASPA AT U/S RESERVOIR BASPA PROJECT,,,WORKING,,,,,,,,
1482,"SABARMATI AT MAHUDI JAIN TEMPLE, 150 KM. FORM ORIGIN",,,WORKING,,,,,,,,
1222,SHEDHI AT KHEDA,,,WORKING,,,,,,,,
1867,"SATLUJ B/C WITH RIVER SPITI AT KHAB, DISTT.KINNAUR",,,WORKING,,,,,,,,
2611,SATLUJ AT KHAB,,,WORKING,,,,,,,,
1389,SATLUJ AT NEPTHA ZAKHAI,,,WORKING,,,,,,,,
1086,SATLUJ AT U/S RAMPUR,,,WORKING,,,,,,,,
1087,SATLUJ AT D/S RAMPUR,,,WORKING,,,,,,,,
1013,SATLUJ AT U/S TATAPANI,,,WORKING,,,,,,,,
1014,SATLUJ AT U/S SLAPPER,,,WORKING,,,,,,,,
1015,SATLUJ AT D/S SLAPPER,,,WORKING,,,,,,,,
1017,"SATLUJ AT 100M U/S OF HEADWORKS, NANGAL",,,WORKING,,,,,,,,
1018,"SATLUJ AT 100M D/S ,NANGAL",,,WORKING,,,,,,,,
1293,SATLUJ AT 1 KM. D/S OF ZENITH,,,WORKING,,,,,,,,
1814,SATLUJ AT D/S KIRATPUR SAHIB,,,WORKING,,,,,,,,
1019,SATLUJ AT U/S HEAD WORKS ROPAR,,,WORKING,,,,,,,,
1380,"SATLUJ AT D/S NFL, PUNJAB",,,WORKING,,,,,,,,
1690,SATLUJ AT U/S BUDHA NALLAH (UPPER),,,WORKING,,,,,,,,
1020,"SATLUJ AT 100M D/S BUDHA NALA CONFL.,LUDHIANA",,,WORKING,,,,,,,,
1021,"SATLUJ AT BOAT BDG. DHARM- KOTNAKODAR RD, JALANDHAR",,,WORKING,,,,,,,,
1381,SATLUJ AT D/S EAST BEIN,,,WORKING,,,,,,,,
1691,SATLUJ AT U/S HUSSANIWALA - H/W FEROZEPUR,,,WORKING,,,,,,,,
1692,SATLUJ AT D/S HUSSANIWALA-H/W FEROZEPUR,,,WORKING,,,,,,,,
1022,"SATLUJ AT BRIDGE HARIKE, AMRITSAR",,,WORKING,,,,,,,,
1267,IB AT SUNDARGARH,,,WORKING,,,,,,,,
1268,IB AT JHARSUGUDA (INTAKE),,,WORKING,,,,,,,,
1300,IB AT  RAJ NAGAR U/S,,,WORKING,,,,,,,,
1269,IB AT BRAJRAJNAGAR D/S,,,WORKING,,,,,,,,
2403,BHEDEN RIVER B/C WITH IB RIVER,,,WORKING,,,,,,,,
1279,KUAKHAI AT BHUBANESWAR U/S,,,WORKING,,,,,,,,
1280,KUAKHAI AT BHUBANESWAR D/S,,,WORKING,,,,,,,,
2410,DAYA AT BHUBANESWAR FU/S,,,WORKING,,,,,,,,
2411,DAYA AT BHUBANESWAR FD/S ( 2 KM A/C OF GANGUA NALLAH WITH RIVER DAYA),,,WORKING,,,,,,,,
1301,KATHAJODI AT CUTTACK D/S,,,WORKING,,,,,,,,
2412,SANKHA U/S(D/S MANDIRA DAM),,,WORKING,,,,,,,,
2408,TEL,,,WORKING,,,,,,,,
1640,BIRUPA AT CHOUDWAR,,,WORKING,,,,,,,,
1261,SUBANSIRI AT GEREKAMUKH (B/C WITH BRAH.),,,WORKING,,,,,,,,
2061,KHARSANG B/C/ WITH BURIDIHING NEAR KHARSANG (ASSAM-ARUNANCHAL BORDER),,,WORKING,,,,,,,,
1422,BURHIDIHING AT MARGHERITA,,,WORKING,,,,,,,,
2062,"BURIDIHING NEAR DULIAJAN AT D/S, TINSUKIA",,,WORKING,,,,,,,,
2230,BURHIDIHING AT DULIAJAN (INTAKE POINT OF OIL INDIA LTD.),,,WORKING,,,,,,,,
2065,"PAGLDIA NEAR NALBARI TOWN, DIST. NALBARI",,,WORKING,,,,,,,,
1530,"DIGBOI RIVER AT LAKHIPATHE, RESERVE FOREST, DIGBOI",,,WORKING,,,,,,,,
2063,"JAI BHARALI NR BISWANATH CHARALI, SONITPUR",,,WORKING,,,,,,,,
2237,"KALONG RIVER AT U/S OF ANANDARAM DEKIAL PHUKAN BRIDGE, NAGAON",,,WORKING,,,,,,,,
2059,KOLONG RIVER AT MARIGAON,,,WORKING,,,,,,,,
2060,"MANAS RIVER AT NH-31 CROSSING, BARPETA",,,WORKING,,,,,,,,
2058,"DISANG RIVER AT DILLIGHAT, DIBRUGARH",,,WORKING,,,,,,,,
1298,DISANG AT GUNDAMGHAT,,,WORKING,,,,,,,,
1258,JHANJI AT N.H. CROSSING JORHAT,,,WORKING,,,,,,,,
1527,BHOGDOI RIVER AT JORHAT,,,WORKING,,,,,,,,
1531,*MORA BHARALI  AT TEZPUR,,,WORKING,,,,,,,,
1423,BORAK AT PANCHAGRAM,,,WORKING,,,,,,,,
1528,BHARALU RIVER AT GUWAHATI,,,WORKING,,,,,,,,
1529,DEEPAR BILL,,,WORKING,,,,,,,,
2068,"U/S OF KATHAKAL AT MATIJURI, HAILAKANDI",,,WORKING,,,,,,,,
1641,SUBARNAREKHA AT RAJGHAT NEAR BIHAR BORDER,,,WORKING,,,,,,,,
1064,"RAMGANGA AT KANNAUJ (BEFORE CONF.),U.P",,,WORKING,,,,,,,,
1065,KALINADI AT KANNAUJ (B/C),,,WORKING,,,,,,,,
2483,VARUNA B/C WITH RIVER GANGA AT VARANASI,,,WORKING,,,,,,,,
1361,SAI AT UNNAO AFTER DRAIN OUTFALL,,,WORKING,,,,,,,,
1350,GOMTI AT SITAPUR U/S AT WATER INTAKE,,,WORKING,,,,,,,,
1351,GOMTI AT LUCKNOW U/S AT WATER INTAKE POINT,,,WORKING,,,,,,,,
1352,GOMTI AT LUCKNOW D/S,,,WORKING,,,,,,,,
2491,"RAPTI AT RAJGHAT, GORAKHPUR",,,WORKING,,,,,,,,
1363,"RAPTI A/C OF R. HONIN NR. DOMIN- GARH RLY BDG, GORAKHPUR, U.P.",,,WORKING,,,,,,,,
1354,SARYU AT AYODHYA AT MAIN BATHING GHAT,,,WORKING,,,,,,,,
1355,GHAGHARA AT DEORIA D/S,,,WORKING,,,,,,,,
2492,"GHAGHRA AT BARHALGANJ, GORAKHPUR",,,WORKING,,,,,,,,
1359,RIHAND AT RENUKUT U/S,,,WORKING,,,,,,,,
1360,RIHAND AT RENUKUT D/S,,,WORKING,,,,,,,,
1313,TAPI AT AJNAND VILLAGE,,,WORKING,,,,,,,,
1251,TAPI AT BHUSAWAL US,,,WORKING,,,,,,,,
1314,TAPI AT UPHAD VILLAGE,,,WORKING,,,,,,,,
9,TAPI AT NEPANAGAR,,,WORKING,,,,,,,,
10,TAPI AT BURHANPUR,,,WORKING,,,,,,,,
1250,TAPI AT HATHNUR,,,WORKING,,,,,,,,
2115,RIVER TAPTI AT NEPA NAGAR 100 METRE D/S  AFTER MIXING PANDHAR NALLA,,,WORKING,,,,,,,,
1253,GIRNA AT MALEGAON (MANMAD),,,WORKING,,,,,,,,
1252,GIRNA AT JALGAON,,,WORKING,,,,,,,,
1907,RANGAVALI D/S OF NAVAPUR,,,WORKING,,,,,,,,
2127,"DENWA NEAR SARNI, RD BDG",,,WORKING,,,,,,,,
2155,"PURNA RIVER A/C OF MORNA, NANDURA VILLAGE",,,WORKING,,,,,,,,
2652,"AMRAVATI RIVER D/S OF DONDAICHA, DHULE",,,WORKING,,,,,,,,
2658,"BORI D/S OF AMALNER, JALGAON",,,WORKING,,,,,,,,
2659,"BURAI RIVER BEFORE CONFLUECE TO TAPI RIVER, MUKUDAS, DHULE",,,WORKING,,,,,,,,
2666,"GOMAI RIVER, D/S. OF SHAHADA, DHULE.",,,WORKING,,,,,,,,
2667,"HIWARA RIVER, D/S OF PACHORA., JALGAON",,,WORKING,,,,,,,,
2674,"MOR RIVER, NEAR PADALSHE VILLAGE, JALGAON.",,,WORKING,,,,,,,,
2675,MORNA RIVER AT D/S OF RAILWAY BRIDGE AT AKOLA.,,,WORKING,,,,,,,,
2684,"PANZARA RIVER, NEAR PANZARAKAN SSK LTD., DHULE.",,,WORKING,,,,,,,,
2695,"PEDHI RIVER NEAR ROAD BRIDGE AT DADHI-PEDHI VILLAGE, BHATKULI, AMRAVATI",,,WORKING,,,,,,,,
2710,"TITUR RIVER, D/S OF CHALISGAON, JALGOAN.",,,WORKING,,,,,,,,
2718,"WAGHUR RIVER, AT- SAKEGAON BEFORE, CONFLUENCE WITH TAPI RIVER, JALGAON.",,,WORKING,,,,,,,,
1947,TEESTA AT SILIGURI,,,WORKING,,,,,,,,
2229,"KUNDLI RIVER AT KUNDLI/ SAPAKHOWA, SADIA.",,,WORKING,,,,,,,,
2231,DIKHOW RIVER AT DIKHOW BRIDGE SIVASAGAR,,,WORKING,,,,,,,,
2232,"KOHORA RIVER AT N.H. CROSSING, KOHORA",,,WORKING,,,,,,,,
2233,"BOGINADI NEAR BRIDGE NH-52, LAKHIMPUR",,,WORKING,,,,,,,,
2234,RANGA NADI D/S OF HYDEL PROJECT,,,WORKING,,,,,,,,
2236,"KAPILI RIVER AT DHARMTUL BRIDGE, NH-31, NAGAON",,,WORKING,,,,,,,,
2238,BEKI RIVER AT NH-37 CROSSING AT BARPETA ROAD,,,WORKING,,,,,,,,
2239,"SANKOSH RIVER, DHUBRI",,,WORKING,,,,,,,,
2240,BARAK RIVER AT D/S OF SILCHAR,,,WORKING,,,,,,,,
2241,SONAI RIVER AT SONAI,,,WORKING,,,,,,,,
2242,KUSHIARA RIVER AT KARIMGANJ,,,WORKING,,,,,,,,
2523,"KAROLA, D/S OF JALPAIGURI, NEAR MIN BHAWAN",,,WORKING,,,,,,,,
2524,"KALJANI D/S OF ALIPURDWAR, MUNICIPALITY DISCHARGE POINT",,,WORKING,,,,,,,,
2235,"PANCHNAI RIVER AT NH-52 CROSSING, ORANG",,,WORKING,,,,,,,,
1510,"TONS RIVER, H.P",,,WORKING,,,,,,,,
2620,ASHWANI AT U/S YASHWANT NAGAR,,,WORKING,,,,,,,,
2626,BATTA AT U/S PAONTA,,,WORKING,,,,,,,,
2627,BATTA B/C TO YAMUNA,,,WORKING,,,,,,,,
2621,GIRI AT D/S YASHWANT NAGAR,,,WORKING,,,,,,,,
2622,GIRI AT U/S CCI MINES,,,WORKING,,,,,,,,
2623,GIRI D/S SATAUN,,,WORKING,,,,,,,,
2617,PABBAR AT U/S DHAMBARI,,,WORKING,,,,,,,,
2618,PABBAR AT U/S ROHRU,,,WORKING,,,,,,,,
2619,PABBAR AT D/S SWARAKUDDU,,,WORKING,,,,,,,,
1143,TONS AT CHAKGHAT,,,WORKING,,,,,,,,
2119,"BETWA AT NAYAPUR D/S MANDIDEEP INDL. AREA NO.1, DIST.RAISEN",,,WORKING,,,,,,,,
2121,"BETWA NEAR ROAD BRIDGE, BHOJPUR",,,WORKING,,,,,,,,
2122,BETWA NEAR W/S INTAKE WELL POINT RAISEN,,,WORKING,,,,,,,,
1614,"BETWA NEAR INTAKE POINT, VIDISHA",,,WORKING,,,,,,,,
2124,"BETWA AT CHARANTIRGHAT, VIDISHA",,,WORKING,,,,,,,,
2125,BETWA D/S AFTER MIXING OF RIVER BAIS AT VIDISHA,,,WORKING,,,,,,,,
2120,"RIVER KALIASOT NEAR ROAD BRIDGE, MANDIDEEP",,,WORKING,,,,,,,,
1613,"KOLAR DAM WATER SUPPLY INTAKE WELL, DISTT. SEHORE",,,WORKING,,,,,,,,
2955,"CHAMBAL ENTERING IN RAJASTHAN AT GANDHI SAGAR DAM, KOTA",,,WORKING,,,,,,,,
1288,CHAMBAL AT KOTA U/S (INTAKE PT. NEAR BARRAGE),,,WORKING,,,,,,,,
1289,CHAMBAL AT KOTA D/S (2 KM. FROM CITY),,,WORKING,,,,,,,,
1413,CHAMBAL AT RAMESHWARGHAT NR. SAWAIMADHOPUR,,,WORKING,,,,,,,,
2126,"PARVATI A/C OF VINDHYACHAL NALLA, PILUKHEDI",,,WORKING,,,,,,,,
2954,"PARVATI BEFORE MEETING RIVER CHAMBAL AT KHATOLI, KOTA",,,WORKING,,,,,,,,
1367,KHAN AT KABIT KHEDI (NEAR INDORE),,,WORKING,,,,,,,,
2953,"KALI SINDH AT ANICUT OF M/S CFCL GADEPAN, KOTA",,,WORKING,,,,,,,,
2956,"KALI SINDH AT BAROD ROAD BRIDGE, KOTA",,,WORKING,,,,,,,,
2117,"BICHIA, BDG GOVINDGARH ROAD",,,WORKING,,,,,,,,
2950,"BANAS AT DHANARI DAM, NEAR SWAROOPGANJ, SIROHI",,,WORKING,,,,,,,,
2951,"BANAS AT BISULPUR DAM, TONK",,,WORKING,,,,,,,,
2952,"BANAS AT NEAR NEWTA DAM, JAIPUR",,,WORKING,,,,,,,,
2945,"CHHAPI AT UPSTREAM OF CHHAPI DAM, JHALAWAR",,,WORKING,,,,,,,,
2946,"UJAD AT UPSTREAM OF BHIM SAGAR DAM, JHALAWAR",,,WORKING,,,,,,,,
1185,GHATPRABHA AT D/S OF MUDHOL RD. CROSS BDG.,,,WORKING,,,,,,,,
1163,GHATPRABHA AT W.A. POINT TO GOKAK TOWN,,,WORKING,,,,,,,,
1187,MALPRABHA AT D/S OF KHANAPUR VILLAGE,,,WORKING,,,,,,,,
1164,"MALPRABHA AT WATER ABSTR. PT. TO HUBLI,DHARWAR",,,WORKING,,,,,,,,
1186,MALPRABHA AT D/S OF AIHOLE TOWN,,,WORKING,,,,,,,,
2764,MALPRABHA AT BADAMI BRIDGE,,,WORKING,,,,,,,,
38,TUNGHABHADRA AT HONNALI BRIDGE,,,WORKING,,,,,,,,
1029,TUNGHABHADRA AT HARALAHALLI BRIDGE,,,WORKING,,,,,,,,
29,TUNGHABHADRA AT ULLANUR,,,WORKING,,,,,,,,
2768,TUNGABHADRA AT D/S OF HPF,,,WORKING,,,,,,,,
2769,TUNGABHADRA AT JACKWELL POINT,,,WORKING,,,,,,,,
2770,TUNGABHADRA AT HARIHAR WATER SUPPLY INTAKE,,,WORKING,,,,,,,,
2766,TUNGABHADRA AT NEW BRIDGE,,,WORKING,,,,,,,,
2767,TUNGABHADRA AT U/S OF HPF,,,WORKING,,,,,,,,
1174,"TUNGHABHADRA AT KURNOOL U/S, BAVAPURAM",,,WORKING,,,,,,,,
1785,"TUNGHABHADRA AT MANTHRALAYAM , KURNOOL",,,WORKING,,,,,,,,
1168,TUNGHA AT D/S OF SHIMOGA TOWN,,,WORKING,,,,,,,,
1896,CONFLUENCE POINT OF TUNGA AND BHADRA AT KUDLI,,,WORKING,,,,,,,,
1091,BHADRA AT MALLESWARAM D/S OF KIOCL,,,WORKING,,,,,,,,
1387,BHADRA AT D/S OF BHADRAVATHI,,,WORKING,,,,,,,,
1169,"BHADRA AT D/S OF KIOCL ROAD BRIDGE, NEAR HOLEHUNNUR",,,WORKING,,,,,,,,
2765,BHADRA AT U/S OF MPM,,,WORKING,,,,,,,,
2771,BHADRA AT U/S OF KIOCL,,,WORKING,,,,,,,,
1172,MUSI U/S AT HYDERABAD,,,WORKING,,,,,,,,
1173,MUSI D/S AT HYDERABAD,,,WORKING,,,,,,,,
2339,"MUSI AT NAGOLE,RANGAREDDY",,,WORKING,,,,,,,,
3082,"RIVER MUSI RESERVOIR AT KASANIGUDA,  NALGONDA",,,WORKING,,,,,,,,
1178,"PALLERU BEFORE CONFL. WITH KRISHNA, JAGGAYYAPET",,,WORKING,,,,,,,,
1177,"MUNERU BEFORE CONFL. WITH KRISHNA, NANDIGAMA",,,WORKING,,,,,,,,
1895,KAGINA D/S OF SEWAGE DISPOSAL POINT,,,WORKING,,,,,,,,
2777,KAGINA AT SHAHABAD BRIDGE,,,WORKING,,,,,,,,
2349,"NAKKAVAGU, BACHUGUDEM",,,WORKING,,,,,,,,
2350,"RIVER HUNDRI, JOHARPUR(V), NEAR TEMPLE, KURNOOL",,,WORKING,,,,,,,,
2351,"RIVER KUNDU, NANDYAL, NEAR OVER BDG., KURNOOL",,,WORKING,,,,,,,,
2763,ASANGI NALLA AT ASANGI VILL.,,,WORKING,,,,,,,,
2195,"NIRA RIVER AT D/S OF JUBILANT ORGANOSIS, PUNE.",,,WORKING,,,,,,,,
2682,"NIRA RIVER AT U/S OF JUBILANT ORGANOSIS, BARAMATI, PUNE.",,,WORKING,,,,,,,,
1463,NIRA AT SAROLE BDG.ON PUNE-BANGLORE HIGHWAY,,,WORKING,,,,,,,,
2681,"NIRA RIVER AT SANGAVI, PHALTAN, SATARA",,,WORKING,,,,,,,,
2683,"NIRA RIVER AT SHINDEWADI, SHIRVAL, KHANDALA, SATARA",,,WORKING,,,,,,,,
2186,"VENNA RIVER AT VARYE, SATARA.",,,WORKING,,,,,,,,
2716,"VENNA RIVER AT MAHABALESHWAR, SATARA",,,WORKING,,,,,,,,
2717,"VENNA RIVER AT MAHULI, SATARA.",,,WORKING,,,,,,,,
2189,KOYNA RIVER AT KARAD.,,,WORKING,,,,,,,,
2194,MULA RIVER AT HARRISON BDG NEAR MULA- PAWANA SANGAM.,,,WORKING,,,,,,,,
2193,"MULA RIVER AT AUNDH BRIDGE, AUNDGAON.",,,WORKING,,,,,,,,
2192,MULA-MUTHA  RIVER AT MUNDHAWA BRIDGE.,,,WORKING,,,,,,,,
2677,"MULA-MUTHA RIVER AT D/S OF THEUR, HAWELI, PUNE",,,WORKING,,,,,,,,
2191,MUTHA RIVER AT SANGAM BRIDGE NEAR GANAPATHY GHAT.,,,WORKING,,,,,,,,
2678,"MUTHA RIVER NEAR VEER SAVARKAR BHAVAN, PUNE.",,,WORKING,,,,,,,,
2679,"MUTHA RIVER AT DECCAN BRIDGE, PUNE.",,,WORKING,,,,,,,,
2680,"MUTHAAT KHADAKVASLA DAM, KHADAKVASLA, HAWELI, PUNE.",,,WORKING,,,,,,,,
2196,"PAWANA RIVER AT SANGAVIGAON, PUNE.",,,WORKING,,,,,,,,
2690,"PAWNA RIVER AT KASARWADI, HAWELI, PUNE.",,,WORKING,,,,,,,,
2691,"PAWNA AT DAPODI BRIDGE, AT PAWANA- MULLA SANGAM,PUNE.",,,WORKING,,,,,,,,
2692,"PAWNA AT RAVET WEIR, PUNE.",,,WORKING,,,,,,,,
2693,"PAWNA AT CHINCHWADGAON, PUNE.",,,WORKING,,,,,,,,
2694,"PAWNA RIVER AT PIMPRIGAON, PUNE.",,,WORKING,,,,,,,,
2197,"INDRAYANI RIVER AT D/S OF ALANDIGAON, PUNE",,,WORKING,,,,,,,,
2668,"INDRAYANI RIVER AT D/S OF MOSHIGAON, HAWELI, PUNE",,,WORKING,,,,,,,,
2669,"INDRAYANI RIVER AT U/S OF MOSHIGAON, HAWELI, PUNE.",,,WORKING,,,,,,,,
1911,CHANDRABHAGA U/S OF PANDHARPUR TOWN,,,WORKING,,,,,,,,
1912,CHANDRABHAGA D/S OF PANDHARPUR TOWN,,,WORKING,,,,,,,,
2665,"GHOD RIVER AT SHIRUR, PUNE.",,,WORKING,,,,,,,,
2705,"SINA RIVER NEAR LABOTI TOLL NAKA, LABOTI, MOHAL, SOLAPUR",,,WORKING,,,,,,,,
2711,"URMODI AT NAGTHANE, SATARA.",,,WORKING,,,,,,,,
1311,PANCHAGANGA AT ICHALKARANJI,,,WORKING,,,,,,,,
2163,PANCHAGANGA RIVER AT SHIROL NEAR SHIROL INTAKE WELL.,,,WORKING,,,,,,,,
1904,PANCHAGANGA U/S OF KOLHAPUR TOWN,,,WORKING,,,,,,,,
1905,PANCHAGANGA D/S OF KOLHAPUR TOWN,,,WORKING,,,,,,,,
1189,BHIMA AT PUNE U/S VITHALWADI,,,WORKING,,,,,,,,
2655,"BHIMA AT KOREGAON NEAR KOREGAON BDG, SHIRUR, PUNE",,,WORKING,,,,,,,,
2656,"BHIMA RIVER-BACKWATER OF UJANI DAM NEAR RAW WATER PUMP HOUSE, KUMBARGAON, INDAPUR, PUNE",,,WORKING,,,,,,,,
1190,"BHIMA AT PUNE, D/S OF BUNDGARDEN",,,WORKING,,,,,,,,
1191,BHIMA AT PARGAON (A/CWITH MULE MARTHA),,,WORKING,,,,,,,,
1192,BHIMA AFTER CONF. WITH DAUNT,,,WORKING,,,,,,,,
1188,"BHIMA AT NARSINGHPUR,(D/S AF.CONFL.WITH R.NIRA)",,,WORKING,,,,,,,,
28,BHIMA AT TAKLI,,,WORKING,,,,,,,,
1183,BHIMA AT D/S OF ROAD BRIDGE AT GANGAPUR,,,WORKING,,,,,,,,
1184,BHIMA AT FEROZABAD VILLAGE (D/S),,,WORKING,,,,,,,,
1888,BHIMA AT CONFL. OF JEWARGI TOWN SEWAGE DISPOSAL POINT,,,WORKING,,,,,,,,
1893,YAGACHI RIVER NEAR PUMPING STATION. HASSAN CITY,,,WORKING,,,,,,,,
1199,HEMAVATI AT D/S OF HOLENARASIPURA TOWN AT RAMADEVALA WEIR,,,WORKING,,,,,,,,
1200,"SHIMSHA AT D/S OF HIGHWAY BRIDGE, YEDIYAR",,,WORKING,,,,,,,,
1166,"SHIMSHA AT D/S OF BRIDGE, HALAGUR",,,WORKING,,,,,,,,
1165,ARKAVATHI AT D/S OF KANAKAPURA TOWN,,,WORKING,,,,,,,,
2778,ARKAVATHI AT T.G. HALLI RESERVOIR,,,WORKING,,,,,,,,
1196,LAKSHMANTIRTHA  AT D/S OF HUNSUR TOWN,,,WORKING,,,,,,,,
2772,LAKSHMANTIRTHA  AT D/S OF KATTEMALAVADI,,,WORKING,,,,,,,,
1207,KABBANI AT MUTHANKARA,,,WORKING,,,,,,,,
1197,KABBANI AT SARAGUR VILL. D/S,,,WORKING,,,,,,,,
41,KABBANI AT CAUSE WAY  SATTUR,,,WORKING,,,,,,,,
1445,KABBANI AT WATER INTAKE OF KIADB AT NANJANGUD,,,WORKING,,,,,,,,
2775,"KABINI AT BATHING GHAT, NANJANAGUD",,,WORKING,,,,,,,,
1208,BHAVANI AT ELACHIVAZHY,,,WORKING,,,,,,,,
1201,BHAVANI AT PATHIRAKALIAMMAN KOIL,,,WORKING,,,,,,,,
1204,BHAVANI AT SIRUMUGAI,,,WORKING,,,,,,,,
1321,BHAVANI AT BHAVANI SAGAR,,,WORKING,,,,,,,,
1205,BHAVANI AT BHAVANI,,,WORKING,,,,,,,,
3019,"BHAVANI AT D/S OF BHAVANI SAGAR, SATHYAMANGALAM, ERODE",,,WORKING,,,,,,,,
3020,"U/S OF KALINGARAYAN CANAL (B5), ERODE",,,WORKING,,,,,,,,
3021,"D/S OF KALINGARAYAN CANAL (B10), ERODE",,,WORKING,,,,,,,,
3024,"SARABANGA AT SALEM, D/S OF TEXTILE DYEING INDUSTRIES EFFLUENT",,,WORKING,,,,,,,,
3022,"THIRUMANIMUTHAR AT SALEM,  D/S OF SAGO & TEXTILE DYING INDUSTRIES",,,WORKING,,,,,,,,
1553,"YAMUNA , U/S PAONTA SAHIB",,,WORKING,,,,,,,,
1554,"YAMUNA , D/S PAONTA SAHIB",,,WORKING,,,,,,,,
1069,YAMUNA AT ALLAHABAD D/S (BALUA GHAT),,,WORKING,,,,,,,,